gene,browser_variant,literature_carrier_sum,literature_row_count,browser_total_carriers,delta_browser_minus_lit
KCNH2,R62Q,0,1,4,4
KCNH2,G572S,30,18,39,9
KCNH2,G628R,1,1,1,0
KCNH2,E637G,5,2,4,-1
KCNH2,V115M,1,1,9,8
KCNH2,A193T,1,1,1,0
KCNH2,R181W,1,1,5,4
KCNH2,S1028Del,1,1,1,0
KCNH2,R1047L,30,12,14795,14765
KCNH2,G601S,24,7,23,-1
KCNH2,A1017fsX,1,1,1,0
KCNH2,A57P,1,1,1,0
KCNH2,K897T,200,22,148172,147972
KCNH2,A490T,9,3,12,3
KCNH2,T983I,4,4,157,153
KCNH2,E58K,0,1,10,10
KCNH2,G745fsX,0,1,0,0
KCNH2,R823W,15,6,21,6
KCNH2,R948S,0,1,2,2
KCNH2,S320L,1,2,9,8
KCNH2,S706F,1,2,1,0
KCNH2,C44W,1,1,1,0
KCNH2,E1126fsX,2,1,2,0
KCNH2,T618I,0,5,0,0
KCNH2,C108Y,4,1,4,0
KCNH2,P926fsX,29,5,29,0
KCNH2,G603D,2,1,5,3
KCNH2,N45D,3,1,3,0
KCNH2,M124T,10,2,15,5
KCNH2,E50D,0,1,1,1
KCNH2,I560T,0,2,0,0
KCNH2,N588K,1,5,1,0
KCNH2,R1135H,3,4,9,6
KCNH2,F627L,4,4,3,-1
KCNH2,R744X,13,4,31,18
KCNH2,R835W,1,1,2,1
KCNH2,R1032fsX,3,2,3,0
KCNH2,R920Q,1,1,20,19
KCNH2,S620N,1,1,0,-1
KCNH2,D896fsX,2,1,2,0
KCNH2,F463L,4,2,8,4
KCNH2,R176W,246,16,395,149
KCNH2,S428fsX,1,1,1,0
KCNH2,D460fsX,2,2,1,-1
KCNH2,E544fsX,8,2,8,0
KCNH2,W585fsX,2,1,0,-2
KCNH2,W705fsX,2,2,2,0
KCNH2,Q725fsX,1,1,1,0
KCNH2,T74fsX,1,1,1,0
KCNH2,R744fsX,2,2,1,-1
KCNH2,A83fsX,3,3,2,-1
KCNH2,R835fsX,1,1,1,0
KCNH2,P923fsX,3,3,2,-1
KCNH2,L987fsX,6,4,5,-1
KCNH2,G1006fsX,4,2,4,0
KCNH2,L1012fsX,1,1,1,0
KCNH2,S1029fsX,1,1,1,0
KCNH2,P1034fsX,5,3,5,0
KCNH2,T1054fsX,2,2,2,0
KCNH2,R148fsX,1,1,1,0
KCNH2,T152fsX,4,3,4,0
KCNH2,P151fsX,30,7,29,-1
KCNH2,V215X,1,1,1,0
KCNH2,R281fsX,2,1,2,0
KCNH2,A285fsX,3,1,3,0
KCNH2,R534C,15,11,24,9
KCNH2,G186fsX,6,1,4,-2
KCNH2,Q1070X,13,2,9,-4
KCNH2,A561T,25,12,28,3
KCNH2,I593R,5,3,5,0
KCNH2,S428L,6,3,13,7
KCNH2,C984fsX,2,1,2,0
KCNH2,A561V,34,19,39,5
KCNH2,T613M,41,22,52,11
KCNH2,G262fsX,2,2,2,0
KCNH2,G785fsX,1,1,1,0
KCNH2,L559H,4,3,4,0
KCNH2,M645V,2,2,4,2
KCNH2,N629S,10,7,13,3
KCNH2,P596L,3,2,3,0
KCNH2,P72R,1,1,2,1
KCNH2,R582C,21,4,32,11
KCNH2,S428X,3,3,11,8
KCNH2,S818L,7,4,18,11
KCNH2,A80V,0,1,1,1
KCNH2,Q376sp,6,5,4,-2
KCNH2,S55L,9,3,12,3
KCNH2,E95G,1,1,1,0
KCNH2,Q61R,1,1,1,0
KCNH2,A915fsX,6,2,5,-1
KCNH2,A228V,1,1,3,2
KCNH2,A448T,1,1,7,6
KCNH2,F640Del,2,2,2,0
KCNH2,P632S,2,2,3,1
KCNH2,K28E,14,1,14,0
KCNH2,V131fsX,2,2,2,0
KCNH2,A614V,69,14,51,-18
KCNH2,D342V,1,1,1,0
KCNH2,H492Y,20,4,54,34
KCNH2,M756V,1,1,8,7
KCNH2,Y493X,0,1,0,0
KCNH2,E876fsX,1,1,1,0
KCNH2,V1038fsX,6,3,4,-2
KCNH2,L552S,144,9,123,-21
KCNH2,N470D,5,2,4,-1
KCNH2,R1014X,14,4,37,23
KCNH2,T1083fsX,1,1,1,0
KCNH2,G47D,1,1,0,-1
KCNH2,G53R,3,3,8,5
KCNH2,G604S,24,10,40,16
KCNH2,G71E,1,1,1,0
KCNH2,G873fsX,1,1,1,0
KCNH2,P1086fsX,2,1,2,0
KCNH2,A490P,9,1,5,-4
KCNH2,A80P,1,1,1,0
KCNH2,H703fsX,1,1,0,-1
KCNH2,G189Ins,2,2,2,0
KCNH2,I571V,1,1,1,0
KCNH2,A913V,7,5,341,334
KCNH2,A172V,1,1,1,0
KCNH2,E807X,1,1,1,0
KCNH2,G238R,1,1,1,0
KCNH2,G880V,4,1,4,0
KCNH2,L343fsX,1,1,1,0
KCNH2,R356H,1,1,45,44
KCNH2,S855R,1,1,2,1
KCNH2,S890C,2,1,2,0
KCNH2,R752W,140,7,35,-105
KCNH2,D609G,3,3,3,0
KCNH2,L1064fsX,0,1,0,0
KCNH2,R954C,2,2,29,27
KCNH2,G628S,17,13,19,2
KCNH2,K801T,4,1,1,-3
KCNH2,A558P,9,4,7,-2
KCNH2,E876X,6,3,6,0
KCNH2,A78P,3,3,4,1
KCNH2,C44X,2,2,1,-1
KCNH2,C66G,2,2,1,-1
KCNH2,D609N,7,3,11,4
KCNH2,F29L,46,6,39,-7
KCNH2,F805C,20,4,9,-11
KCNH2,G47V,9,2,8,-1
KCNH2,G925fsX,3,3,2,-1
KCNH2,H70R,5,4,3,-2
KCNH2,I593X,1,1,1,0
KCNH2,K638E,5,3,4,-1
KCNH2,L799sp,10,4,5,-5
KCNH2,L86R,8,2,7,-1
KCNH2,M124R,47,3,31,-16
KCNH2,N33T,4,3,3,-1
KCNH2,N861I,4,2,3,-1
KCNH2,P72Q,9,2,9,0
KCNH2,P917L,5,3,47,42
KCNH2,P968fsX,2,2,1,-1
KCNH2,R56Q,12,3,11,-1
KCNH2,R920fsX,4,4,1,-3
KCNH2,S26I,3,2,2,-1
KCNH2,T436M,2,2,22,20
KCNH2,V295fsX,3,2,2,-1
KCNH2,V630A,3,3,2,-1
KCNH2,V822M,74,5,42,-32
KCNH2,W1001X,39,4,27,-12
KCNH2,G572C,3,2,4,1
KCNH2,E229X,4,2,2,-2
KCNH2,H302fsX,3,1,3,0
KCNH2,P191fsX,1,1,1,0
KCNH2,T443fsX,2,2,2,0
KCNH2,E177X,1,1,1,0
KCNH2,A429P,3,1,3,0
KCNH2,T613L,1,1,1,0
KCNH2,N633D,2,2,1,-1
KCNH2,G572R,5,2,4,-1
KCNH2,G584S,43,7,40,-3
KCNH2,I400N,11,2,8,-3
KCNH2,I96T,1,1,5,4
KCNH2,K101E,2,2,1,-1
KCNH2,N633S,7,6,18,11
KCNH2,R366X,6,6,20,14
KCNH2,S621N,2,2,4,2
KCNH2,T74M,1,1,1,0
KCNH2,P1122R,1,1,1,0
KCNH2,P1132A,1,1,17,16
KCNH2,P946fsX,1,1,1,0
KCNH2,E1039X,6,1,14,8
KCNH2,D219V,1,1,8,7
KCNH2,A121fsX,1,1,1,0
KCNH2,G965fsX,1,1,1,0
KCNH2,P1075L,2,2,25,23
KCNH2,R273X,5,2,4,-1
KCNH2,R894fsX,1,1,1,0
KCNH2,I31S,2,2,1,-1
KCNH2,P910fsX,2,2,1,-1
KCNH2,R1005fsX,2,2,1,-1
KCNH2,A193fsX,1,1,1,0
KCNH2,C64Y,1,1,1,0
KCNH2,D456Y,2,2,1,-1
KCNH2,D501H,1,1,1,0
KCNH2,E698X,5,3,2,-3
KCNH2,F640L,2,2,2,0
KCNH2,G1036fsX,1,1,1,0
KCNH2,G306W,2,2,1,-1
KCNH2,I30T,1,1,1,0
KCNH2,I560fsX,1,1,1,0
KCNH2,I642Del,1,1,1,0
KCNH2,M645L,2,2,2,0
KCNH2,N629I,1,1,1,0
KCNH2,P241L,1,1,4,3
KCNH2,P872fsX,13,3,12,-1
KCNH2,Q676fsX,1,1,1,0
KCNH2,R252fsX,1,1,1,0
KCNH2,R73fsX,3,3,1,-2
KCNH2,Y99S,2,2,2,0
KCNH2,S937N,1,1,29,28
KCNH2,S988fsX,1,1,0,-1
KCNH2,R1014fsX,12,1,12,0
KCNH2,W563X,1,1,4,3
KCNH2,D1037fsX,2,2,1,-1
KCNH2,I82dup,1,1,1,0
KCNH2,G53S,1,1,7,6
KCNH2,Y43C,2,2,4,2
KCNH2,R328C ,9,6,437,428
KCNH2,R35W,1,1,1,0
KCNH2,Q1068R,6,4,41,35
KCNH2,R148W,18,6,824,806
KCNH2,A78T,1,1,1,0
KCNH2,D540fsX,3,1,3,0
KCNH2,T474I,1,1,4,3
KCNH2,P963T,2,1,10,8
KCNH2,W497X,3,3,5,2
KCNH2,A1058E,1,1,1,0
KCNH2,A1116V,4,1,26,22
KCNH2,A169G,1,1,1,0
KCNH2,A190T,2,3,152,150
KCNH2,A193V,1,1,8,7
KCNH2,A203T,1,1,9,8
KCNH2,A32T,1,1,1,0
KCNH2,A422T,3,2,3,0
KCNH2,A558E,3,1,3,0
KCNH2,A561P,1,1,1,0
KCNH2,A671Del,1,1,1,0
KCNH2,A715sp,1,1,1,0
KCNH2,A79fsX,1,1,1,0
KCNH2,A85P,2,1,2,0
KCNH2,A85V,1,1,1,0
KCNH2,A915V,6,1,8,2
KCNH2,C1117fsX,4,1,4,0
KCNH2,C39X,6,2,3,-3
KCNH2,C49Y,1,1,0,-1
KCNH2,C566G,2,1,2,0
KCNH2,C566R,1,1,1,0
KCNH2,C723R,1,1,1,0
KCNH2,D102H,1,1,1,0
KCNH2,D111V,1,1,3,2
KCNH2,D119H,1,1,32,31
KCNH2,D287fsX,1,1,1,0
KCNH2,D46Y,3,1,3,0
KCNH2,D501N,3,3,10,7
KCNH2,D591N,1,1,5,4
KCNH2,D774Y,7,3,7,0
KCNH2,D803Y,2,1,2,0
KCNH2,D837G,1,1,1,0
KCNH2,D837Y,2,1,2,0
KCNH2,D864sp,2,2,1,-1
KCNH2,E1053fsX,1,1,1,0
KCNH2,E1053X,1,1,1,0
KCNH2,E130K,1,1,3,2
KCNH2,E365G,1,1,1,0
KCNH2,E444D,2,1,2,0
KCNH2,E480V,1,1,1,0
KCNH2,E544A,2,1,2,0
KCNH2,E575K,1,1,1,0
KCNH2,E637K,4,2,5,1
KCNH2,E682X,2,2,1,-1
KCNH2,E788D,1,1,1,0
KCNH2,E788K,2,1,2,0
KCNH2,E90K,0,1,3,3
KCNH2,F22S,1,1,1,0
KCNH2,F494Del,1,1,1,0
KCNH2,F617fsX,1,1,0,-1
KCNH2,F617V,4,2,4,0
KCNH2,F627fsX,1,1,1,0
KCNH2,F640V,1,1,1,0
KCNH2,F656L,4,1,4,0
KCNH2,F68L,1,1,5,4
KCNH2,F805S,2,2,8,6
KCNH2,F991fsX,1,1,1,0
KCNH2,G1031fsX,2,2,2,0
KCNH2,G1036D,5,3,132,127
KCNH2,G1036Del,1,1,1,0
KCNH2,G184Del,1,1,1,0
KCNH2,G183fsX,1,1,1,0
KCNH2,G187Del,3,2,731,728
KCNH2,G187S,1,1,1,0
KCNH2,G192fsX,1,1,1,0
KCNH2,G238S,1,1,3,2
KCNH2,G294V,1,2,1,0
KCNH2,G487R,3,1,3,0
KCNH2,G487S,1,1,66,65
KCNH2,G584R,1,1,1,0
KCNH2,G604C,2,1,2,0
KCNH2,G626S,3,2,4,1
KCNH2,G626V,4,1,4,0
KCNH2,G628A,1,1,1,0
KCNH2,G628D,1,1,1,0
KCNH2,G628Del,1,1,1,0
KCNH2,G628V,2,2,4,2
KCNH2,G71W,2,2,3,1
KCNH2,G745A,1,1,1,0
KCNH2,G785D,3,1,4,1
KCNH2,G816V,3,1,3,0
KCNH2,G820R,1,1,3,2
KCNH2,G873S,1,2,190,189
KCNH2,G911fsX,1,1,0,-1
KCNH2,G924W,1,1,9,8
KCNH2,G925R,2,2,2,0
KCNH2,G928fsX,1,1,1,0
KCNH2,G965X,1,1,4,3
KCNH2,H254Q,1,1,2,1
KCNH2,H402R,3,2,8,5
KCNH2,H562P,4,2,4,0
KCNH2,H562R,17,3,21,4
KCNH2,H674fsX,1,1,1,0
KCNH2,H739fsX,1,1,1,0
KCNH2,H771fsX,3,1,3,0
KCNH2,H771R,1,1,2,1
KCNH2,I30Del,1,1,1,0
KCNH2,I414fsX,6,1,6,0
KCNH2,I42N,1,1,1,0
KCNH2,I500Del,11,1,5,-6
KCNH2,I571L,1,1,1,0
KCNH2,I711V,1,1,25,24
KCNH2,I782fsX,2,1,2,0
KCNH2,I782N,1,1,1,0
KCNH2,I798fsX,2,2,1,-1
KCNH2,I82T,2,1,2,0
KCNH2,I858T,1,1,1,0
KCNH2,K525N,1,1,1,0
KCNH2,K638Del,5,3,20,15
KCNH2,K886fsX,1,1,1,0
KCNH2,K897fsX,1,1,1,0
KCNH2,L1023Del,1,1,4,3
KCNH2,L1045F,1,1,668,667
KCNH2,L1056fsX,1,1,1,0
KCNH2,L109fsX,1,1,0,-1
KCNH2,L109P,1,1,1,0
KCNH2,L171Ins,1,1,1,0
KCNH2,L234Del,3,1,3,0
KCNH2,L296fsX,6,1,5,-1
KCNH2,L413P,3,2,2,-1
KCNH2,L457P,1,1,1,0
KCNH2,L586M,1,1,3,2
KCNH2,L615V,1,1,1,0
KCNH2,L622F,1,1,7,6
KCNH2,L69P,1,1,1,0
KCNH2,L776P,1,1,7,6
KCNH2,L779P,1,1,0,-1
KCNH2,L87P,1,1,1,0
KCNH2,L908fsX,1,1,1,0
KCNH2,L955V,2,1,38,36
KCNH2,M579fsX,0,1,0,0
KCNH2,M645I,1,1,3,2
KCNH2,M645R,2,2,1,-1
KCNH2,N257H,1,1,3,2
KCNH2,N588D,8,2,8,0
KCNH2,N629D,3,1,3,0
KCNH2,N629K,1,1,1,0
KCNH2,N629T,1,1,2,1
KCNH2,N635I,1,1,1,0
KCNH2,N985S,0,1,4,4
KCNH2,N996I,1,1,1,0
KCNH2,P1101fsX,1,1,1,0
KCNH2,P1122fsX,2,2,2,0
KCNH2,P114S,1,1,19,18
KCNH2,P1157L,1,1,14,13
KCNH2,P141fsX,1,1,1,0
KCNH2,P241fsX,1,1,1,0
KCNH2,P251A,1,1,1,0
KCNH2,P297S,1,1,35,34
KCNH2,P347S,13,6,842,829
KCNH2,P451L,6,2,19,13
KCNH2,P596R,1,1,1,0
KCNH2,P596S,2,1,3,1
KCNH2,P721L,1,1,3,2
KCNH2,P72T,1,1,1,0
KCNH2,P846S,1,1,1,0
KCNH2,P846T,1,1,1,0
KCNH2,P910L,1,1,70,69
KCNH2,P926S,1,1,2,1
KCNH2,P967L,2,3,91,89
KCNH2,P968L,2,1,21,19
KCNH2,P986fsX,1,1,1,0
KCNH2,Q1046X,2,2,1,-1
KCNH2,Q1068X,1,1,2,1
KCNH2,Q247X,2,1,2,0
KCNH2,Q738X,3,1,7,4
KCNH2,Q81H,2,1,3,1
KCNH2,Q81X,1,1,1,0
KCNH2,Q901fsX,1,1,1,0
KCNH2,R1005W,0,1,12,12
KCNH2,R1007H,2,1,20,18
KCNH2,R100G,1,1,2,1
KCNH2,R100Q,1,1,1,0
KCNH2,R1033fsX,2,2,2,0
KCNH2,R1035fsX,2,2,1,-1
KCNH2,R1035W,1,1,14,13
KCNH2,R164C,0,1,2,2
KCNH2,R164H,2,1,42,40
KCNH2,R181fsX,1,1,1,0
KCNH2,R181Q,5,3,564,559
KCNH2,R273Q,0,1,7,7
KCNH2,R312C,2,2,65,63
KCNH2,R326fsX,1,1,1,0
KCNH2,R328fsX,1,1,1,0
KCNH2,R528P,1,1,1,0
KCNH2,R531Del,1,1,1,0
KCNH2,R531Q,1,1,3,2
KCNH2,R531W,1,1,6,5
KCNH2,R537W,2,1,3,1
KCNH2,R694H,1,1,4,3
KCNH2,R696C,2,2,3,1
KCNH2,R744P,1,1,5,4
KCNH2,R744Q,1,1,9,8
KCNH2,R752P,20,1,20,0
KCNH2,R752Q,5,1,6,1
KCNH2,R784W,2,2,12,10
KCNH2,R791W,0,1,60,60
KCNH2,A797T,2,1,2,0
KCNH2,R823fsX,1,1,1,0
KCNH2,R823T,1,1,1,0
KCNH2,R835Q,4,1,6,2
KCNH2,R863X,12,4,28,16
KCNH2,R883W,1,1,28,27
KCNH2,R885C,2,3,143,141
KCNH2,R887H,2,2,11,9
KCNH2,R892fsX,1,1,0,-1
KCNH2,R894C,1,1,5,4
KCNH2,R912W,2,1,25,23
KCNH2,R922fsX,1,1,1,0
KCNH2,R922W,1,1,14,13
KCNH2,R92C,1,1,10,9
KCNH2,R948C,1,1,29,28
KCNH2,S1021fsX,1,1,1,0
KCNH2,S1040G,0,1,5,5
KCNH2,S1057fsX,1,1,1,0
KCNH2,S182X,1,1,1,0
KCNH2,S320X,1,1,1,0
KCNH2,S543fsX,1,1,1,0
KCNH2,S606F,1,1,3,2
KCNH2,S620G,1,1,1,0
KCNH2,S620I,1,1,1,0
KCNH2,S621R,2,1,2,0
KCNH2,S624R,1,1,1,0
KCNH2,S631A,0,1,0,0
KCNH2,S641F,1,1,5,4
KCNH2,S660L,1,1,9,8
KCNH2,S706C,3,1,3,0
KCNH2,S735L,2,1,3,1
KCNH2,S818P,1,1,0,-1
KCNH2,S818W,2,2,2,0
KCNH2,S871fsX,1,1,0,-1
KCNH2,T152I,0,1,3,3
KCNH2,T353S,1,1,5,4
KCNH2,T367S,1,1,3,2
KCNH2,T421fsX,4,1,3,-1
KCNH2,T421M,1,1,2,1
KCNH2,T473P,2,1,2,0
KCNH2,T613A,2,1,3,1
KCNH2,T613K,1,1,1,0
KCNH2,T623I,3,2,6,3
KCNH2,T634P,2,1,2,0
KCNH2,T65P,9,4,15,6
KCNH2,T826I,2,1,5,3
KCNH2,T895M,3,2,33,30
KCNH2,V215G,1,1,1,0
KCNH2,V279M,0,1,0,0
KCNH2,V491I,1,1,40,39
KCNH2,V535M,2,1,4,2
KCNH2,V612L,3,1,4,1
KCNH2,V625E,2,1,2,0
KCNH2,V630T,1,1,1,0
KCNH2,V716G,1,1,1,0
KCNH2,V822L,4,1,4,0
KCNH2,W154X,1,1,1,0
KCNH2,W412X,1,1,1,0
KCNH2,W563C,2,1,5,3
KCNH2,W563G,1,1,2,1
KCNH2,W568C,1,1,6,5
KCNH2,W585C,1,1,1,0
KCNH2,W705X,1,1,5,4
KCNH2,W927G,0,1,2,2
KCNH2,Y420C,1,1,1,0
KCNH2,Y427H,1,1,1,0
KCNH2,Y427S,1,1,3,2
KCNH2,Y447X,1,1,2,1
KCNH2,Y475C,1,1,2,1
KCNH2,Y475Del,1,1,1,0
KCNH2,Y493C,1,1,4,3
KCNH2,Y493F,2,1,2,0
KCNH2,Y569C,1,1,1,0
KCNH2,Y569H,2,2,1,-1
KCNH2,Y652X,6,1,6,0
KCNH2,Y667X,2,1,2,0
KCNQ1,D202N,12,6,13,1
KCNQ1,S277L,35,10,37,2
KCNQ1,Y315C,65,13,20,-45
KCNQ1,A341E,39,12,4,-35
KCNQ1,K362R,25,8,16,-9
KCNQ1,R366W,65,17,29,-36
KCNQ1,R594Q,83,20,34,-49
KCNQ1,G314S,87,22,9,-78
KCNQ1,R293C,12,5,20,8
KCNQ1,R259L,25,8,6,-19
KCNQ1,S140G,17,9,2,-15
KCNQ1,E11K,1,1,1,0
KCNQ1,E261G,1,1,1,0
KCNQ1,L303P,3,3,2,-1
KCNQ1,F340L,3,2,3,0
KCNQ1,S349W,43,7,2,-41
KCNQ1,I588F,3,2,2,-1
KCNQ1,D611N,3,3,19,16
KCNQ1,T309I,25,2,25,0
KCNQ1,K393N,20,8,303,283
KCNQ1,G643S,266,17,1559,1293
KCNQ1,P448R,227,8,2095,1868
KCNQ1,G219E,1,1,3,2
KCNQ1,Y111C,549,16,96,-453
KCNQ1,V205M,77,8,20,-57
KCNQ1,R591H,67,15,27,-40
KCNQ1,G325R,63,14,22,-41
KCNQ1,T224M,91,3,90,-1
KCNQ1,L347R,2,2,1,-1
KCNQ1,A46T,12,7,10,-2
KCNQ1,A58P,1,1,1,0
KCNQ1,P61T,1,1,1,0
KCNQ1,D78H,1,1,1,0
KCNQ1,Q107H,1,1,1,0
KCNQ1,E115A,1,1,1,0
KCNQ1,E115G,1,1,1,0
KCNQ1,P117L,8,6,2,-6
KCNQ1,G119R,3,1,3,0
KCNQ1,G119V,1,1,1,0
KCNQ1,C122Y,3,3,1,-2
KCNQ1,H126D,2,1,2,0
KCNQ1,A128del,1,1,1,0
KCNQ1,L137F,1,1,2,1
KCNQ1,S143P,1,1,1,0
KCNQ1,S143F,1,1,1,0
KCNQ1,M159del,2,1,2,0
KCNQ1,E160del,1,1,1,0
KCNQ1,V162M,9,4,13,4
KCNQ1,G168R,302,21,56,-246
KCNQ1,R174C,17,6,4,-13
KCNQ1,R174H,12,7,6,-6
KCNQ1,S177F,1,1,1,0
KCNQ1,A178T,12,5,7,-5
KCNQ1,G179S,13,5,8,-5
KCNQ1,K183R,1,1,1,0
KCNQ1,Y184D,1,1,1,0
KCNQ1,Y184S,73,10,14,-59
KCNQ1,G189R,27,4,9,-18
KCNQ1,G189E,10,5,4,-6
KCNQ1,R190W,36,11,30,-6
KCNQ1,R190L,7,4,4,-3
KCNQ1,R190Q,55,14,26,-29
KCNQ1,I201del,2,1,2,0
KCNQ1,I204F,3,4,1,-2
KCNQ1,I204M,4,3,3,-1
KCNQ1,V215L,1,1,1,0
KCNQ1,V215M,4,5,5,1
KCNQ1,S225L,66,14,13,-53
KCNQ1,A226V,11,5,2,-9
KCNQ1,R231C,61,13,51,-10
KCNQ1,R231H,18,4,16,-2
KCNQ1,I235N,25,8,19,-6
KCNQ1,L236Q,1,1,1,0
KCNQ1,H240P,1,1,1,0
KCNQ1,D242N,17,8,11,-6
KCNQ1,R243S,2,2,1,-1
KCNQ1,R243C,69,17,15,-54
KCNQ1,R243H,25,10,21,-4
KCNQ1,G245V,1,1,1,0
KCNQ1,T247I,1,1,1,0
KCNQ1,W248R,1,1,1,0
KCNQ1,L250H,13,3,8,-5
KCNQ1,L251P,3,2,3,0
KCNQ1,V254M,396,18,125,-271
KCNQ1,V254L,5,2,3,-2
KCNQ1,H258R,1,2,1,0
KCNQ1,H258P,18,4,20,2
KCNQ1,R259C,28,11,20,-8
KCNQ1,E261K,5,2,5,0
KCNQ1,L262P,1,1,1,0
KCNQ1,L262R,1,1,1,0
KCNQ1,T265I,6,3,2,-4
KCNQ1,L266P,154,12,48,-106
KCNQ1,I268V,1,1,3,2
KCNQ1,G269S,208,17,48,-160
KCNQ1,G269D,39,7,48,9
KCNQ1,G272V,4,3,2,-2
KCNQ1,L273F,59,14,25,-34
KCNQ1,L273V,1,1,3,2
KCNQ1,F275del,1,1,4,3
KCNQ1,S277del,6,2,6,0
KCNQ1,S277W,2,2,1,-1
KCNQ1,V280A,3,2,2,-1
KCNQ1,V280E,4,4,2,-2
KCNQ1,Y281C,2,2,1,-1
KCNQ1,L282P,2,2,2,0
KCNQ1,A287S,1,1,2,1
KCNQ1,E290K,1,1,6,5
KCNQ1,F296S,10,5,7,-3
KCNQ1,F296L,1,1,1,0
KCNQ1,S298I,1,1,1,0
KCNQ1,A300T,9,7,14,5
KCNQ1,A302T,1,1,1,0
KCNQ1,W305S,26,4,9,-17
KCNQ1,G306R,28,10,1,-27
KCNQ1,V308F,1,1,1,0
KCNQ1,T309R,2,2,1,-1
KCNQ1,T311A,3,2,1,-2
KCNQ1,T312del,4,2,4,0
KCNQ1,T312I,56,11,3,-53
KCNQ1,G314D,6,5,3,-3
KCNQ1,Y315H,2,2,2,0
KCNQ1,Y315N,2,2,3,1
KCNQ1,Y315S,12,9,6,-6
KCNQ1,G316R,1,1,1,0
KCNQ1,G316E,19,7,15,-4
KCNQ1,D317N,8,4,6,-2
KCNQ1,D317Y,3,2,1,-2
KCNQ1,D317G,9,3,4,-5
KCNQ1,V319L,1,1,2,1
KCNQ1,P320A,3,3,1,-2
KCNQ1,P320H,8,6,4,-4
KCNQ1,T322A,11,7,2,-9
KCNQ1,T322K,2,1,2,0
KCNQ1,T322M,50,11,31,-19
KCNQ1,G325W,1,1,1,0
KCNQ1,V334A,1,1,1,0
KCNQ1,S338F,6,2,6,0
KCNQ1,F339S,10,7,4,-6
KCNQ1,F340del,10,4,9,-1
KCNQ1,L342F,11,6,6,-5
KCNQ1,L342P,3,2,3,0
KCNQ1,P343S,8,5,5,-3
KCNQ1,P343R,1,1,1,0
KCNQ1,P343L,6,5,1,-5
KCNQ1,A344E,12,3,13,1
KCNQ1,A344V,40,10,20,-20
KCNQ1,G345R,19,4,2,-17
KCNQ1,G350W,1,1,1,0
KCNQ1,G350V,4,2,3,-1
KCNQ1,L353P,8,4,8,0
KCNQ1,K362del,1,1,1,0
KCNQ1,H363N,20,3,3,-17
KCNQ1,F364S,1,1,1,0
KCNQ1,R366Q,24,8,13,-11
KCNQ1,Q367H,1,1,1,0
KCNQ1,S373P,23,6,2,-21
KCNQ1,L374F,3,2,3,0
KCNQ1,W379R,5,4,2,-3
KCNQ1,R380S,6,5,4,-2
KCNQ1,T391I,1,1,1,0
KCNQ1,W392R,7,2,7,0
KCNQ1,K420N,1,1,1,0
KCNQ1,R451W,2,2,1,-1
KCNQ1,R451Q,4,4,14,10
KCNQ1,M476L,2,2,1,-1
KCNQ1,F479L,1,1,1,0
KCNQ1,I514T,6,1,6,0
KCNQ1,I517T,8,4,1,-7
KCNQ1,R518G,9,3,4,-5
KCNQ1,R519H,144,6,149,5
KCNQ1,M520R,15,7,4,-11
KCNQ1,V524G,25,7,6,-19
KCNQ1,A525V,14,4,7,-7
KCNQ1,R539W,46,13,28,-18
KCNQ1,R539L,1,1,1,0
KCNQ1,R539Q,2,2,1,-1
KCNQ1,S546L,21,9,9,-12
KCNQ1,S546W,1,1,1,0
KCNQ1,R555C,22,11,9,-13
KCNQ1,R555H,17,11,14,-3
KCNQ1,L559P,1,1,1,0
KCNQ1,D564H,2,1,2,0
KCNQ1,S566F,20,8,6,-14
KCNQ1,I567T,23,7,18,-5
KCNQ1,I567S,4,4,7,3
KCNQ1,G568R,18,6,10,-8
KCNQ1,P570L,4,1,4,0
KCNQ1,E578V,1,1,1,0
KCNQ1,R583C,2,2,6,4
KCNQ1,R583H,11,6,14,3
KCNQ1,N586D,1,1,2,1
KCNQ1,T587M,66,20,22,-44
KCNQ1,T587R,3,2,3,0
KCNQ1,G589D,279,16,40,-239
KCNQ1,A590T,11,6,10,-1
KCNQ1,R591C,9,7,10,1
KCNQ1,R591L,1,1,1,0
KCNQ1,K598R,2,2,2,0
KCNQ1,D611Y,27,4,19,-8
KCNQ1,G621D,1,1,1,0
KCNQ1,W304R,4,4,3,-1
KCNQ1,A341V,700,37,192,-508
KCNQ1,V416M,1,1,4,3
KCNQ1,R670K,2,2,7,5
KCNQ1,A150T,1,1,1,0
KCNQ1,L374H,8,3,7,-1
KCNQ1,G589S,7,2,9,2
KCNQ1,S566Y,6,3,2,-4
KCNQ1,D564G,3,1,0,-3
KCNQ1,R533W,10,4,8,-2
KCNQ1,D242Y,3,3,1,-2
KCNQ1,K285N,1,1,0,-1
KCNQ1,K515N,1,1,0,-1
KCNQ1,G229D,4,3,3,-1
KCNQ1,H126P,2,1,0,-2
KCNQ1,S177T,2,1,0,-2
KCNQ1,G186D,6,2,2,-4
KCNQ1,G189A,2,1,0,-2
KCNQ1,F193L,0,1,5,5
KCNQ1,P197S,0,1,0,0
KCNQ1,G269C,1,1,0,-1
KCNQ1,G272D,9,6,8,-1
KCNQ1,G314A,3,2,0,-3
KCNQ1,P320R,1,1,0,-1
KCNQ1,G325E,3,2,1,-2
KCNQ1,K326E,1,1,0,-1
KCNQ1,R366P,3,1,0,-3
KCNQ1,A371T,2,2,1,-1
KCNQ1,K422T,7,2,3,-4
KCNQ1,M437V,1,2,1,0
KCNQ1,Y545C,4,1,0,-4
KCNQ1,V554G,1,1,0,-1
KCNQ1,I556N,1,1,0,-1
KCNQ1,Q560L,1,1,0,-1
KCNQ1,R561S,3,1,0,-3
KCNQ1,L602P,0,1,0,0
KCNQ1,T169R,3,1,3,0
KCNQ1,A300S,6,2,6,0
KCNQ1,V141M,16,9,6,-10
KCNQ1,V307L,1,5,1,0
KCNQ1,R192L,1,1,0,-1
KCNQ1,R562S,4,3,2,-2
KCNQ1,E146K,6,2,6,0
KCNQ1,T96R,4,2,7,3
KCNQ1,H455Y,2,2,5,3
KCNQ1,P73T,14,6,28,14
KCNQ1,V110I,4,4,18,14
KCNQ1,T153M,2,2,50,48
KCNQ1,V172M,6,4,16,10
KCNQ1,R195Q,5,3,12,7
KCNQ1,P197L,1,1,14,13
KCNQ1,I274V,5,6,50,45
KCNQ1,A287E,2,1,13,11
KCNQ1,G292D,11,5,13,2
KCNQ1,A370V,1,1,42,41
KCNQ1,R397W,10,6,59,49
KCNQ1,A399S,1,1,22,21
KCNQ1,P408A,22,3,460,438
KCNQ1,D446E,4,2,21,17
KCNQ1,R452Q,3,3,33,30
KCNQ1,R452W,1,1,25,24
KCNQ1,G460S,3,3,9,6
KCNQ1,V576I,3,1,16,13
KCNQ1,T600M,7,3,50,43
KCNQ1,G629S,1,1,12,11
KCNQ1,V648I,25,3,599,574
KCNQ1,S77F,1,1,3,2
KCNQ1,R518Q,3,3,10,7
KCNQ1,G272S,0,1,2,2
KCNQ1,R259G,2,1,1,-1
KCNQ1,V133I,22,3,2,-20
KCNQ1,F351L,2,1,2,0
KCNQ1,S253C,1,1,0,-1
KCNQ1,G584S,3,3,11,8
KCNQ1,F339del,16,4,16,0
KCNQ1,W305L,5,2,6,1
KCNQ1,S140R,1,1,1,0
KCNQ1,Y184C,1,1,1,0
KCNQ1,R192C,4,2,14,10
KCNQ1,L251Q,1,1,1,0
KCNQ1,A302V,12,9,9,-3
KCNQ1,G306V,4,2,4,0
KCNQ1,P320S,2,2,1,-1
KCNQ1,G345A,1,1,1,0
KCNQ1,L347P,1,1,1,0
KCNQ1,R380G,1,1,1,0
KCNQ1,H403P,1,1,1,0
KCNQ1,F279I,2,1,1,-1
KCNQ1,A525T,13,5,7,-6
KCNQ1,R195W,3,2,11,8
KCNQ1,R259H,5,2,6,1
KCNQ1,Y522S,6,2,6,0
KCNQ1,D202H,1,3,1,0
KCNQ1,R397Q,2,2,6,4
KCNQ1,L619M,2,3,1,-1
KCNQ1,K557E,9,2,9,0
KCNQ1,V241F,3,2,3,0
KCNQ1,Y51C,1,1,0,-1
KCNQ1,V165M,1,1,6,5
KCNQ1,R466G,1,1,0,-1
KCNQ1,N593K,1,1,0,-1
KCNQ1,P99R,1,1,13,12
KCNQ1,F157C,1,1,1,0
KCNQ1,I198V,3,3,7,4
KCNQ1,G350R,2,2,1,-1
KCNQ1,R583G,1,1,1,0
KCNQ1,L187P,32,2,33,1
KCNQ1,E261D,11,3,4,-7
KCNQ1,E284K,4,3,4,0
KCNQ1,A287T,1,1,11,10
KCNQ1,T513S,1,1,1,0
KCNQ1,I567F,1,1,0,-1
KCNQ1,I609N,1,1,0,-1
KCNQ1,T624A,1,1,0,-1
KCNQ1,I54ins,2,2,1,-1
KCNQ1,A283T,1,1,1,0
KCNQ1,V129I,2,2,5,3
KCNQ1,E160K,8,4,1,-7
KCNQ1,R181C,2,2,7,5
KCNQ1,V207M,6,3,79,73
KCNQ1,L273R,2,2,1,-1
KCNQ1,R293H,2,2,5,3
KCNQ1,G297S,2,2,6,4
KCNQ1,W305R,3,3,1,-2
KCNQ1,Y315F,2,2,1,-1
KCNQ1,F335L,1,1,1,0
KCNQ1,D428G,2,2,1,-1
KCNQ1,P441S,2,2,8,6
KCNQ1,G621S,2,2,17,15
KCNQ1,A2V,3,2,3,0
KCNQ1,E385K,3,2,6,3
KCNQ1,Q357R,0,2,0,0
KCNQ1,R174L,1,1,1,0
KCNQ1,R360M,3,2,3,0
KCNQ1,G635R,3,2,7,4
KCNQ1,R360G,5,3,4,-1
KCNQ1,L203P,1,1,1,0
KCNQ1,S209F,0,1,0,0
KCNQ1,G186R,15,3,14,-1
KCNQ1,G269V,0,1,0,0
KCNQ1,A194P,1,1,1,0
KCNQ1,S276del,1,1,2,1
KCNQ1,T311I,3,3,1,-2
KCNQ1,P7S,1,1,5,4
KCNQ1,S66F,1,1,1,0
KCNQ1,F127L,1,1,1,0
KCNQ1,L134P,1,1,1,0
KCNQ1,T144A,11,4,1,-10
KCNQ1,E160V,1,1,1,0
KCNQ1,Y184H,1,1,1,0
KCNQ1,S199A,1,1,1,0
KCNQ1,V241G,1,1,1,0
KCNQ1,L250P,1,1,1,0
KCNQ1,E261Q,1,1,1,0
KCNQ1,L262V,1,1,1,0
KCNQ1,I268S,1,1,1,0
KCNQ1,S277P,1,1,1,0
KCNQ1,A283G,2,1,2,0
KCNQ1,A302E,1,1,1,0
KCNQ1,G314C,1,1,1,0
KCNQ1,G316V,1,1,1,0
KCNQ1,F339Y,1,1,0,-1
KCNQ1,A341G,1,1,0,-1
KCNQ1,F351S,1,1,1,0
KCNQ1,K354R,1,1,0,-1
KCNQ1,N365H,1,1,1,0
KCNQ1,W379G,1,1,1,0
KCNQ1,S389P,1,1,1,0
KCNQ1,K398R,1,1,1,0
KCNQ1,P448L,1,1,8,7
KCNQ1,P477L,1,1,1,0
KCNQ1,R511W,1,1,1,0
KCNQ1,V541I,1,1,6,5
KCNQ1,E543K,1,1,1,0
KCNQ1,Q547R,1,1,1,0
KCNQ1,R555S,1,1,3,2
KCNQ1,S566P,2,2,1,-1
KCNQ1,K569E,1,1,1,0
KCNQ1,S571L,1,1,1,0
KCNQ1,R594P,1,1,1,0
KCNQ1,E596K,1,1,1,0
KCNQ1,G626S,5,3,5,0
KCNQ1,S338C,0,1,0,0
KCNQ1,F340C,0,1,0,0
KCNQ1,S209P,6,1,6,0
KCNQ1,Y278H,2,1,2,0
KCNQ1,Q357H,6,2,3,-3
KCNQ1,W120C,2,1,2,0
KCNQ1,A178P,13,3,0,-13
KCNQ1,W305C,3,1,3,0
KCNQ1,V310I,2,2,1,-1
KCNQ1,R231S,1,1,1,0
KCNQ1,F275S,0,1,0,0
KCNQ1,L114P,0,2,0,0
KCNQ1,L191P,0,1,0,0
KCNQ1,I313V,0,1,0,0
KCNQ1,L239P,0,1,0,0
KCNQ1,Q147R,1,1,2,1
KCNQ1,R562M,3,2,2,-1
KCNQ1,R14C,10,1,10,0
KCNQ1,H258N,1,1,1,0
KCNQ1,W379S,2,2,0,-2
KCNQ1,R192H,1,1,4,3
KCNQ1,R243P,1,1,1,0
KCNQ1,H105L,1,1,0,-1
KCNQ1,V417M,7,1,7,0
KCNQ1,W248C,7,1,1,-6
KCNQ1,R519C,1,1,11,10
KCNQ1,G216R,5,1,5,0
KCNQ1,E578K,1,1,1,0
SCN5A,Y1976A,0,1,0,0
SCN5A,A226D,1,1,0,-1
SCN5A,c.3480delT,3,1,3,0
SCN5A,c.5040_5042delTTAinsC,1,1,1,0
SCN5A,c.5280delG,10,3,2,-8
SCN5A,c.5445_5446insT,8,1,5,-3
SCN5A,D1430N,2,1,2,0
SCN5A,D356N,20,10,10,-10
SCN5A,D951X,1,1,1,0
SCN5A,E1152X,4,1,4,0
SCN5A,E473X,1,1,1,0
SCN5A,E553X,2,4,1,-1
SCN5A,E867X,7,1,7,0
SCN5A,G1406R,19,9,5,-14
SCN5A,G1408R,39,18,28,-11
SCN5A,G1712C,1,1,1,0
SCN5A,G1740R,4,4,2,-2
SCN5A,G1743E,41,14,10,-31
SCN5A,G1743R,24,11,18,-6
SCN5A,G897E,1,2,1,0
SCN5A,I1660V,22,11,17,-5
SCN5A,L1393X,6,6,2,-4
SCN5A,L846R,2,2,1,-1
SCN5A,N1765A,0,1,0,0
SCN5A,N1765C,0,1,0,0
SCN5A,p.L729del,3,3,1,-2
SCN5A,p.M741_T742delinsI ,2,1,2,0
SCN5A,p.N1380del,10,4,2,-8
SCN5A,P950X,1,1,1,0
SCN5A,Q1059X,5,3,2,-3
SCN5A,Q1118X,14,7,9,-5
SCN5A,Q55X,5,2,3,-2
SCN5A,Q779X,6,2,4,-2
SCN5A,R104K,0,1,0,0
SCN5A,R104Q,9,9,5,-4
SCN5A,R104W,3,3,3,0
SCN5A,R121W,6,7,3,-3
SCN5A,R1432G,3,7,1,-2
SCN5A,R1623X,17,13,11,-6
SCN5A,R1629X,4,4,6,2
SCN5A,R1638X,11,8,5,-6
SCN5A,R179X,6,6,5,-1
SCN5A,R222X,56,8,53,-3
SCN5A,R282H,10,9,8,-2
SCN5A,R367H,39,19,16,-23
SCN5A,R43X,2,2,1,-1
SCN5A,R535X,29,16,13,-16
SCN5A,R689H,10,10,30,20
SCN5A,R878C,52,12,36,-16
SCN5A,R878H,5,6,5,0
SCN5A,R893H,11,9,10,-1
SCN5A,S1218I,3,1,3,0
SCN5A,S1812X,5,4,3,-2
SCN5A,S910L,9,6,5,-4
SCN5A,T187I,5,5,1,-4
SCN5A,V1281X,0,1,0,0
SCN5A,W1095X,5,3,4,-1
SCN5A,W1191X,6,2,4,-2
SCN5A,W1421X,3,4,0,-3
SCN5A,W156X,10,8,3,-7
SCN5A,W822X,15,10,6,-9
SCN5A,c.5464_5467delTCTG,7,2,4,-3
SCN5A,R986Q,3,3,10,7
SCN5A,R225W,29,13,24,-5
SCN5A,G752R,22,12,10,-12
SCN5A,R376H,29,8,15,-14
SCN5A,M1766L,6,7,1,-5
SCN5A,G1748D,1,2,1,0
SCN5A,V930K,0,1,0,0
SCN5A,A997T,2,3,24,22
SCN5A,L1825P,4,5,2,-2
SCN5A,P1008S,6,3,3,-3
SCN5A,Y352C,1,1,1,0
SCN5A,G351V,4,2,3,-1
SCN5A,G1433R,2,1,1,-1
SCN5A,P336L,9,6,3,-6
SCN5A,A1427S,1,2,1,0
SCN5A,N592K,4,3,11,7
SCN5A,I230T,19,2,13,-6
SCN5A,L325R,2,2,1,-1
SCN5A,p.K1493del,15,5,3,-12
SCN5A,D1690N,3,5,3,0
SCN5A,F1473S,1,2,1,0
SCN5A,H880Q,0,1,0,0
SCN5A,p.F1486del,3,4,1,-2
SCN5A,D1714G,4,6,1,-3
SCN5A,N406K,12,13,5,-7
SCN5A,D1816VfsX7,0,1,0,0
SCN5A,A124D,1,1,1,0
SCN5A,E161K,49,15,13,-36
SCN5A,T353I,5,4,5,0
SCN5A,A226V,11,6,36,25
SCN5A,F1760C,0,4,0,0
SCN5A,G400A,3,3,1,-2
SCN5A,p.Y1795_E1796insD,192,12,181,-11
SCN5A,S401L,0,1,0,0
SCN5A,c.5578delA,3,1,0,-3
SCN5A,L1786Q,9,6,3,-6
SCN5A,V1378M,1,1,2,1
SCN5A,F1760K,0,5,0,0
SCN5A,G1158S,1,1,3,2
SCN5A,G615E,17,10,77,60
SCN5A,C1850S,1,1,1,0
SCN5A,A551T,6,4,3,-3
SCN5A,E1784K,401,51,164,-237
SCN5A,L812Q,1,1,1,0
SCN5A,N406D,0,1,0,0
SCN5A,N406E,0,1,0,0
SCN5A,N406R,0,1,0,0
SCN5A,S216L(fetal),17,16,0,-17
SCN5A,Y1810A,0,1,0,0
SCN5A,R433C,1,1,3,2
SCN5A,P1372R,1,1,0,-1
SCN5A,F1760R,0,1,0,0
SCN5A,R811H,3,1,6,3
SCN5A,F1293S,7,8,171,164
SCN5A,Q1832E,4,4,30,26
SCN5A,R1193Q,120,47,1486,1366
SCN5A,R1623Q,31,26,16,-15
SCN5A,p.N1472del,4,1,4,0
SCN5A,V1340L,2,1,0,-2
SCN5A,Q750R,1,2,1,0
SCN5A,T220I,18,21,201,183
SCN5A,P1506S,5,1,5,0
SCN5A,C373F,0,1,0,0
SCN5A,C373Y,0,3,0,0
SCN5A,G298S,1,2,7,6
SCN5A,L931K,0,1,0,0
SCN5A,P1298L,15,4,12,-3
SCN5A,Q1476K,0,1,0,0
SCN5A,S20A,0,1,0,0
SCN5A,V930C,0,1,0,0
SCN5A,Y168F,0,1,0,0
SCN5A,V2016M,3,4,9,6
SCN5A,N1354K,1,1,0,-1
SCN5A,E555K,1,2,10,9
SCN5A,A185T,7,2,123,116
SCN5A,F2004L,28,18,20,-8
SCN5A,Q1909R,3,6,1,-2
SCN5A,S528A,0,1,0,0
SCN5A,R535Q,3,2,8,5
SCN5A,K817E,2,1,1,-1
SCN5A,A1428S,12,6,19,7
SCN5A,E1780G,2,2,1,-1
SCN5A,P701L,5,5,27,22
SCN5A,R965H,3,4,2,-1
SCN5A,E48K,2,3,19,17
SCN5A,I397F,1,2,1,0
SCN5A,R800L,2,3,3,1
SCN5A,R1632C,3,3,3,0
SCN5A,I1968S,1,1,5,4
SCN5A,L567Q,12,4,9,-3
SCN5A,Y1795H,12,8,5,-7
SCN5A,F1344S,1,1,1,0
SCN5A,Q270K,2,2,2,0
SCN5A,R225Q,3,4,5,2
SCN5A,P1177L,8,2,5,-3
SCN5A,T1304M,39,22,67,28
SCN5A,D1275N,71,24,28,-43
SCN5A,R1898H,2,2,12,10
SCN5A,T630M,3,2,14,11
SCN5A,R1512W,11,14,19,8
SCN5A,Y87C,1,2,1,0
SCN5A,I890T,5,2,4,-1
SCN5A,E446K,3,4,154,151
SCN5A,G1502S,1,2,2,1
SCN5A,L409P,3,3,1,-2
SCN5A,S401C,0,1,0,0
SCN5A,R1626H,4,4,14,10
SCN5A,V125L,4,6,55,51
SCN5A,D1819N,4,5,72,68
SCN5A,F1760E,0,1,0,0
SCN5A,V1340I,10,6,19,9
SCN5A,L1896V,1,1,0,-1
SCN5A,R1309H,7,1,6,-1
SCN5A,S1700G,1,1,0,-1
SCN5A,D1595N,4,2,0,-4
SCN5A,E1053K,16,12,40,24
SCN5A,G1319V,25,13,17,-8
SCN5A,I141V,17,4,4,-13
SCN5A,N406F,0,1,0,0
SCN5A,R2012H,2,1,10,8
SCN5A,R526H,10,7,20,10
SCN5A,T1708N,0,1,0,0
SCN5A,Y1888A,0,1,0,0
SCN5A,R965C,13,12,24,11
SCN5A,T1620M,24,14,11,-13
SCN5A,D1790G,212,22,45,-167
SCN5A,R18W,3,5,74,71
SCN5A,V240M,8,6,9,1
SCN5A,p.K1505_Q1507del,27,13,27,0
SCN5A,R1826H,3,3,15,12
SCN5A,H558R,443,67,62976,62533
SCN5A,E1208K,1,2,4,3
SCN5A,R27H,9,7,72,63
SCN5A,V1763M,16,8,7,-9
SCN5A,T1779M,9,5,18,9
SCN5A,L619F,3,3,12,9
SCN5A,E1901Q,1,2,9,8
SCN5A,R689C,2,3,5,3
SCN5A,A1870D,1,1,0,-1
SCN5A,R34C,60,12,2977,2917
SCN5A,R1023H,4,5,76,72
SCN5A,Q245K,4,3,5,1
SCN5A,S524Y,22,8,1169,1147
SCN5A,S1103Y,167,25,2241,2074
SCN5A,S401F,0,1,0,0
SCN5A,S401K,0,1,0,0
SCN5A,R340Q,5,5,22,17
SCN5A,R1897W,6,5,24,18
SCN5A,A647D,2,3,2,0
SCN5A,R1512Q,1,1,6,5
SCN5A,L1636Q,0,1,0,0
SCN5A,R1913H,2,3,8,6
SCN5A,P627L,3,3,5,2
SCN5A,R620C,4,4,11,7
SCN5A,L1917K,0,1,0,0
SCN5A,R1629Q,7,4,8,1
SCN5A,K126E,2,3,1,-1
SCN5A,R18Q,9,7,25,16
SCN5A,E462A,1,2,1,0
SCN5A,E462K,1,2,8,7
SCN5A,R190Q,3,4,17,14
SCN5A,G1037V,1,1,0,-1
SCN5A,F1760D,0,1,0,0
SCN5A,R569G,0,1,0,0
SCN5A,Q1476R,3,1,3,0
SCN5A,T1620K,4,2,3,-1
SCN5A,Q692K,8,7,96,88
SCN5A,L212P,4,5,1,-3
SCN5A,F1250L,1,1,0,-1
SCN5A,N406S,3,5,2,-1
SCN5A,S401A,0,1,0,0
SCN5A,S1787N,8,10,240,232
SCN5A,Y68A,0,1,0,0
SCN5A,V1328M,3,3,1,-2
SCN5A,E439K,2,3,1,-1
SCN5A,G552R,1,2,6,5
SCN5A,Y1795C,31,20,20,-11
SCN5A,R814W,7,6,0,-7
SCN5A,P648L,7,7,17,10
SCN5A,A1113V,1,2,7,6
SCN5A,A1330P,2,4,1,-1
SCN5A,A572D,23,16,1465,1442
SCN5A,A572F,3,3,2,-1
SCN5A,A735V,18,12,8,-10
SCN5A,D1595H,2,3,0,-2
SCN5A,E1938K,3,3,6,3
SCN5A,E19A,0,1,0,0
SCN5A,F1473C,6,5,2,-4
SCN5A,F1486L,3,5,1,-2
SCN5A,F532C,10,7,12,2
SCN5A,G1631D,5,4,2,-3
SCN5A,G213D,14,2,0,-14
SCN5A,K1493R,5,3,8,3
SCN5A,K343Q,0,1,0,0
SCN5A,L1308F,4,2,135,131
SCN5A,L1501V,27,13,22,-5
SCN5A,L1921X,0,1,0,0
SCN5A,L21A,0,1,0,0
SCN5A,M1652R,2,2,1,-1
SCN5A,M1851V,7,1,1,-6
SCN5A,N70K,2,3,12,10
SCN5A,N927K,0,2,1,1
SCN5A,P1090L,39,13,495,456
SCN5A,P1332L,10,10,7,-3
SCN5A,P2006A,29,22,266,237
SCN5A,Q573E,1,2,3,2
SCN5A,R1195H,2,3,8,6
SCN5A,R1232W,8,12,4,-4
SCN5A,R1432K,0,1,0,0
SCN5A,R1626P,5,6,2,-3
SCN5A,R1632H,25,7,15,-10
SCN5A,R219H,5,3,1,-4
SCN5A,R43Q,3,3,15,12
SCN5A,R620H,4,2,11,7
SCN5A,S1140T,1,2,1,0
SCN5A,S1333Y,3,3,0,-3
SCN5A,S1759W,0,1,0,0
SCN5A,S1885X,0,1,0,0
SCN5A,S1904L,3,4,51,48
SCN5A,S401W,0,1,0,0
SCN5A,S941N,4,4,2,-2
SCN5A,T512I,4,3,3,-1
SCN5A,T632M,3,4,5,2
SCN5A,V232I,3,3,38,35
SCN5A,V411M,45,21,18,-27
SCN5A,V930A,0,1,0,0
SCN5A,V930Q,0,1,0,0
SCN5A,W1206C,1,1,0,-1
SCN5A,Y1767C,11,6,8,-3
SCN5A,I1768V,105,16,31,-74
SCN5A,I1485V,0,1,0,0
SCN5A,E1295K,1,1,2,1
SCN5A,R680H,3,4,1,-2
SCN5A,G9V,1,3,1,0
SCN5A,L618F,9,7,138,129
SCN5A,S262G,1,1,1,0
SCN5A,V95I,3,4,8,5
SCN5A,P468L,4,1,7,3
SCN5A,M1320V,0,1,0,0
SCN5A,N1325S,42,19,23,-19
SCN5A,I1762A,0,1,0,0
SCN5A,I137V,0,1,2,2
SCN5A,I94V,1,1,3,2
SCN5A,E30G,1,2,1,0
SCN5A,K480N,2,1,4,2
SCN5A,R222Q,34,13,2,-32
SCN5A,R569W,1,2,3,2
SCN5A,S401P,1,2,1,0
SCN5A,T1526P,3,1,2,-1
SCN5A,N1987K,3,1,3,0
SCN5A,I1593M,1,2,2,1
SCN5A,Q1507A,0,1,0,0
SCN5A,V1951M,11,5,28,17
SCN5A,F1760A,0,6,0,0
SCN5A,G35S,3,4,28,25
SCN5A,M1952T,1,1,0,-1
SCN5A,F1596I,14,11,37,23
SCN5A,F816Y,4,2,3,-1
SCN5A,S401R,0,1,0,0
SCN5A,V1951L,27,19,1743,1716
SCN5A,R568H,4,2,10,6
SCN5A,S401E,0,1,0,0
SCN5A,S401G,0,1,0,0
SCN5A,R1644C,8,6,8,0
SCN5A,E1025D,1,1,0,-1
SCN5A,A1330T,20,7,7,-13
SCN5A,V1764M,0,1,0,0
SCN5A,G514C,10,6,2,-8
SCN5A,R481W,8,7,360,352
SCN5A,G983D,1,1,8,7
SCN5A,H1849R,7,2,2,-5
SCN5A,S401D,0,1,0,0
SCN5A,E428K,8,7,19,11
SCN5A,M1875T,6,2,1,-5
SCN5A,R1644H,49,17,24,-25
SCN5A,R458C,1,1,36,35
SCN5A,S1609L,1,1,3,2
SCN5A,A993T,2,1,5,3
SCN5A,R225P,1,4,0,-1
SCN5A,N406C,0,1,0,0
SCN5A,S401N,0,1,0,0
SCN5A,N1774D,3,3,1,-2
SCN5A,F1616Y,1,1,0,-1
SCN5A,I1343V,1,1,0,-1
SCN5A,A1100V,2,2,16,14
SCN5A,A1106S,1,1,0,-1
SCN5A,A110T,1,1,5,4
SCN5A,A1148T,1,1,7,6
SCN5A,A1180V,14,7,46,32
SCN5A,A1186T,6,4,7,1
SCN5A,A1221V,4,2,5,1
SCN5A,A1260D,4,1,1,-3
SCN5A,A1270S,1,1,1,0
SCN5A,A1288G,1,1,1,0
SCN5A,A1326S,1,1,1,0
SCN5A,A1330D,2,3,1,-1
SCN5A,A1357V,1,1,20,19
SCN5A,A1416E,1,1,1,0
SCN5A,A1428V,7,3,6,-1
SCN5A,A149V,1,1,0,-1
SCN5A,A1569P,2,1,1,-1
SCN5A,A1649V,2,2,1,-1
SCN5A,A1680T,9,9,18,9
SCN5A,A1698T,2,2,4,2
SCN5A,A1746T,12,4,5,-7
SCN5A,A178G,1,2,1,0
SCN5A,A185V,1,1,5,4
SCN5A,A1870T,1,1,3,2
SCN5A,A1924T,9,10,17,8
SCN5A,A1932V,1,1,11,10
SCN5A,A1949S,1,1,1,0
SCN5A,A1983G,1,1,4,3
SCN5A,A204V,1,1,1,0
SCN5A,A286S,1,2,80,79
SCN5A,A29V,1,1,28,27
SCN5A,A2T,3,2,5,2
SCN5A,A385T,1,1,7,6
SCN5A,A410W,0,2,0,0
SCN5A,A413E,1,1,1,0
SCN5A,A413T,6,3,7,1
SCN5A,A447G,1,1,20,19
SCN5A,A551E,0,1,0,0
SCN5A,A551V,1,2,12,11
SCN5A,A572S,3,2,68,65
SCN5A,A572V,4,3,68,64
SCN5A,A586T,1,1,5,4
SCN5A,A662S,1,1,6,5
SCN5A,A665S,1,1,15,14
SCN5A,A672T,2,2,201,199
SCN5A,A691T,3,2,23,20
SCN5A,A735E,2,3,2,0
SCN5A,A735T,5,3,4,-1
SCN5A,A997D,1,1,10,9
SCN5A,A997S,3,3,2,-1
SCN5A,c.100delC,1,1,0,-1
SCN5A,c.1140+1G>A,1,1,1,0
SCN5A,c.1141-3C>A,3,3,3,0
SCN5A,c.1338+2T>A,1,1,1,0
SCN5A,c.1339-24G>A,1,1,1,0
SCN5A,c.1428_1431delCAAG,1,1,1,0
SCN5A,c.1537delC,2,2,1,-1
SCN5A,c.1562delA,1,1,1,0
SCN5A,c.1570_1571insG,1,1,1,0
SCN5A,c.1705dupC,4,1,4,0
SCN5A,c.1721delG,1,1,1,0
SCN5A,c.1872dupA,2,1,2,0
SCN5A,c.1890+5G>A,2,2,2,0
SCN5A,c.1890G>A,3,1,3,0
SCN5A,c.1936delC,22,4,4,-18
SCN5A,c.1950_1953delAGAT,1,1,1,0
SCN5A,c.1983_1993dupGGCCCTCAGCG,10,3,8,-2
SCN5A,c.2023+10C>T,1,1,0,-1
SCN5A,c.2024_2025delAG,1,1,1,0
SCN5A,c.2201dupT,1,1,1,0
SCN5A,c.2274delG,2,1,2,0
SCN5A,c.2320delT,4,3,1,-3
SCN5A,c.2435_2436+3delTGGTAinsCGCCT,1,1,1,0
SCN5A,c.2436+12G>A,1,1,1,0
SCN5A,c.2437-5C>A,5,2,4,-1
SCN5A,c.2533delG,1,1,1,0
SCN5A,c.2549_2550insTG,1,1,1,0
SCN5A,c.2550_2551dupGT,1,1,1,0
SCN5A,c.2552_2553dupGT,1,1,1,0
SCN5A,c.2559delT,1,1,1,0
SCN5A,c.2582_2583delTT,27,8,11,-16
SCN5A,c.2602delC,2,2,2,0
SCN5A,c.274-24C>T,9,3,9,0
SCN5A,c.2787+17_2787+18insACACACACACACACACACACACA,1,1,1,0
SCN5A,c.2788-6C>T,38,1,35,-3
SCN5A,c.2850delT,3,2,1,-2
SCN5A,c.2914_2923delTTTGTCAAGC,1,1,1,0
SCN5A,c.3005_3012delCCAGCTGC,2,2,0,-2
SCN5A,c.3005-3012delCCAGCTGG,1,1,1,0
SCN5A,c.3045_3046delGA,1,1,1,0
SCN5A,c.3140_3141dupTG,1,1,1,0
SCN5A,c.3142_3143insTG,3,2,2,-1
SCN5A,c.3142_3153del12ins11,1,1,0,-1
SCN5A,c.3171_3172delTGinsA,2,2,1,-1
SCN5A,c.3228+2delT,1,1,1,0
SCN5A,c.3288+2delT,1,1,1,0
SCN5A,c.3318dupC,1,1,0,-1
SCN5A,c.3390-1G>A,2,1,2,0
SCN5A,c.3391-1G>A,1,1,1,0
SCN5A,c.3511+10C>T,1,1,1,0
SCN5A,c.3553_3554delCA,1,1,1,0
SCN5A,c.3667delG,8,4,5,-3
SCN5A,c.3816delG,2,2,1,-1
SCN5A,c.381dupT,2,2,1,-1
SCN5A,c.3840+1G>A,28,17,9,-19
SCN5A,c.3894delC,1,1,1,0
SCN5A,c.393-5C>A,2,2,2,0
SCN5A,c.3940_3941delCT,2,2,1,-1
SCN5A,c.3963+1G>A,1,1,0,-1
SCN5A,c.3963+2T>C,46,5,3,-43
SCN5A,c.3963+4A>G,1,1,1,0
SCN5A,c.4066_4068delTT,3,1,3,0
SCN5A,c.4083delG,2,1,2,0
SCN5A,c.4118delT,1,1,1,0
SCN5A,c.4189delT,4,1,4,0
SCN5A,c.4190delA,1,1,1,0
SCN5A,c.4245+1G>A,1,1,1,0
SCN5A,c.4245+1G>C,1,1,1,0
SCN5A,c.4245+2T>A,1,1,1,0
SCN5A,c.4299_4300insG,1,1,1,0
SCN5A,c.4299+1delG,3,3,2,-1
SCN5A,c.4299+1G>T,1,1,1,0
SCN5A,c.4299+28C>T,1,1,1,0
SCN5A,c.4299+2T>A,1,1,1,0
SCN5A,c.4299delG,1,1,1,0
SCN5A,c.4299G>A,1,1,1,0
SCN5A,c.4300-1G>A,1,1,1,0
SCN5A,c.4300-2A>T,9,2,8,-1
SCN5A,c.4376_4379delTCTT,1,1,1,0
SCN5A,c.4389_4396delCCTCTTTA,2,2,1,-1
SCN5A,c.4396_4397insG,2,1,2,0
SCN5A,c.4437+5G>A,9,7,5,-4
SCN5A,c.4438-1C>T,2,1,2,0
SCN5A,c.4542+15G>A,1,1,1,0
SCN5A,c.4719C>T,6,3,2,-4
SCN5A,c.4732_4733dupAA,1,1,1,0
SCN5A,c.4810+3_4810+6dupGGGT,3,1,2,-1
SCN5A,c.4813+2_4813+5dupTGGG,1,1,1,0
SCN5A,c.4813+3_4813+6dupGGGT,32,1,32,0
SCN5A,c.4813+5insTGGG,20,2,11,-9
SCN5A,c.4856delC,1,1,1,0
SCN5A,c.4867delC,1,1,1,0
SCN5A,c.486delC,1,1,1,0
SCN5A,c.5068_5070delGA,1,1,1,0
SCN5A,c.5131delG,1,1,1,0
SCN5A,c.5157delC,3,3,1,-2
SCN5A,c.5281dupC,1,1,0,-1
SCN5A,c.5290delG,3,3,1,-2
SCN5A,c.-53+1G>A,5,1,5,0
SCN5A,c.5321_5324dupACTT,3,1,1,-2
SCN5A,c.5355_5354delCT,2,1,0,-2
SCN5A,c.5356_5357delCT,6,3,5,-1
SCN5A,c.5361_5364delTGAG,1,1,1,0
SCN5A,c.5420dupA,2,2,1,-1
SCN5A,c.5432_5433insGAGT,1,1,0,-1
SCN5A,c.5464-5467delTCTG,1,1,1,0
SCN5A,c.5577_5578dupAA,1,1,1,0
SCN5A,c.5676delC,1,1,1,0
SCN5A,c.611+1G>A,15,6,11,-4
SCN5A,c.611+3_611+4dupAA,1,1,1,0
SCN5A,c.612-2A>G,10,3,8,-2
SCN5A,c.656_657insATTCA,1,1,1,0
SCN5A,c.692_693delCA,1,1,1,0
SCN5A,c.703+1G>A,3,2,2,-1
SCN5A,c.704-1G>C,1,1,1,0
SCN5A,c.704-2A>G,1,1,0,-1
SCN5A,c.934+1G>A,13,8,3,-10
SCN5A,c.934+4C>T,1,1,1,0
SCN5A,c.998+1G>A,1,1,1,0
SCN5A,c.998+5G>A,1,1,1,0
SCN5A,c.999-424_1338+81del,2,1,2,0
SCN5A,C1004R,1,1,71,70
SCN5A,C1363Y,3,3,1,-2
SCN5A,C1728R,1,1,1,0
SCN5A,C1728W,1,1,1,0
SCN5A,C182R,1,1,1,0
SCN5A,C280Y,1,1,1,0
SCN5A,C335R,3,3,2,-1
SCN5A,C335S,1,1,1,0
SCN5A,C683G,1,1,1,0
SCN5A,C896S,1,1,1,0
SCN5A,C915R,1,1,1,0
SCN5A,C981A,0,1,0,0
SCN5A,C981F,1,2,1,0
SCN5A,C982R,6,4,29,23
SCN5A,D1041N,2,2,18,16
SCN5A,D1055G,1,1,1,0
SCN5A,D1114E,24,2,10,-14
SCN5A,D1114N,5,5,8,3
SCN5A,D1163E,1,1,1,0
SCN5A,D1166N,1,1,1,0
SCN5A,D1243N,16,9,47,31
SCN5A,D1741Y,2,2,1,-1
SCN5A,D1790N,4,2,5,1
SCN5A,D1792N,1,1,5,4
SCN5A,D1839G,1,1,1,0
SCN5A,D2003N,1,1,4,3
SCN5A,D349N,6,4,9,3
SCN5A,D501G,3,3,1,-2
SCN5A,D536H,1,1,2,1
SCN5A,D596G,1,1,1,0
SCN5A,D772N,3,4,7,4
SCN5A,D785N,2,2,2,0
SCN5A,D84N,3,3,2,-1
SCN5A,D870H,1,1,0,-1
SCN5A,E1032K,2,1,15,13
SCN5A,E1064K,1,1,0,-1
SCN5A,E1107K,2,2,34,32
SCN5A,E1208X,3,3,2,-1
SCN5A,E1225K,24,18,14,-10
SCN5A,E1231K,1,1,4,3
SCN5A,E1240Q,2,2,11,9
SCN5A,E1253G,1,1,1,0
SCN5A,E1441Q,1,1,1,0
SCN5A,E1489D,1,1,2,1
SCN5A,E1548K,6,4,4,-2
SCN5A,E1574K,6,4,4,-2
SCN5A,E161Q,1,1,1,0
SCN5A,E1781G,3,1,3,0
SCN5A,E1890K,1,2,3,2
SCN5A,E1901K,1,1,6,5
SCN5A,E1954K,1,1,12,11
SCN5A,E25K,1,1,2,1
SCN5A,E312K,1,1,1,0
SCN5A,E346D,1,2,1,0
SCN5A,E346K,1,1,14,13
SCN5A,E346X,3,3,1,-2
SCN5A,E654K,1,1,8,7
SCN5A,E655K,1,1,3,2
SCN5A,E698X,2,2,1,-1
SCN5A,E746K,4,5,10,6
SCN5A,E867Q,1,1,1,0
SCN5A,E901K,15,5,6,-9
SCN5A,F1210S,4,2,2,-2
SCN5A,F1344L,1,1,1,0
SCN5A,F1360C,2,2,1,-1
SCN5A,F1473A,0,1,0,0
SCN5A,F1520A,0,1,0,0
SCN5A,F1520L,1,1,0,-1
SCN5A,F1522A,0,1,0,0
SCN5A,F1522Y,1,1,0,-1
SCN5A,F1571C,1,1,1,0
SCN5A,F1594S,1,1,1,0
SCN5A,F16L,1,1,1,0
SCN5A,F1705S,1,1,0,-1
SCN5A,F2004V,3,3,9,6
SCN5A,F355C,1,1,1,0
SCN5A,F530V,1,1,7,6
SCN5A,F543L,1,1,1,0
SCN5A,F777L,2,2,1,-1
SCN5A,F851L,2,3,4,2
SCN5A,F892I,6,6,2,-4
SCN5A,F93S,8,5,2,-6
SCN5A,G1040R,1,1,2,1
SCN5A,G1084S,1,1,2,1
SCN5A,G1262S,8,6,12,4
SCN5A,G1292A,1,1,0,-1
SCN5A,G1329S,5,2,7,2
SCN5A,G1358W,1,1,1,0
SCN5A,G1406E,2,2,2,0
SCN5A,G1420P,1,1,1,0
SCN5A,G1420R,4,5,3,-1
SCN5A,G1420V,2,2,2,0
SCN5A,G1433V,1,1,1,0
SCN5A,G1481E,3,3,1,-2
SCN5A,G1642E,1,2,1,0
SCN5A,G1661R,12,6,7,-5
SCN5A,G1712S,1,1,2,1
SCN5A,G180V,1,1,1,0
SCN5A,G1913D,1,1,0,-1
SCN5A,G1935S,6,6,10,4
SCN5A,G289S,2,2,5,3
SCN5A,G292S,7,2,17,10
SCN5A,G319S,4,4,16,12
SCN5A,G351D,1,1,1,0
SCN5A,G386E,2,1,2,0
SCN5A,G386R,2,3,2,0
SCN5A,G400R,5,2,5,0
SCN5A,G552W,1,1,5,4
SCN5A,G579R,2,2,23,21
SCN5A,G638D,1,1,1,0
SCN5A,G639R,2,2,3,1
SCN5A,G709V,1,1,1,0
SCN5A,G758E,1,1,1,0
SCN5A,G797V,3,1,3,0
SCN5A,H1200Y,4,3,1,-3
SCN5A,H1923D,1,1,1,0
SCN5A,H278D,1,1,1,0
SCN5A,H278R,1,1,1,0
SCN5A,H445D,7,4,15,8
SCN5A,H681P,3,5,1,-2
SCN5A,H886P,1,1,2,1
SCN5A,I1278N,8,3,7,-1
SCN5A,I1334V,6,4,3,-3
SCN5A,I1350T,1,1,1,0
SCN5A,I137M,0,1,0,0
SCN5A,I1448L,3,3,11,8
SCN5A,I1448N,1,1,0,-1
SCN5A,I1448T,1,1,1,0
SCN5A,I1521K,3,2,1,-2
SCN5A,I1660S,1,1,1,0
SCN5A,I1770C,0,1,0,0
SCN5A,I1836T,6,4,85,79
SCN5A,I1853A,0,1,0,0
SCN5A,I1853E,0,1,0,0
SCN5A,I1968M,1,1,17,16
SCN5A,I230V,2,2,2,0
SCN5A,I239V,15,5,6,-9
SCN5A,I267L,1,1,0,-1
SCN5A,I397T,1,1,1,0
SCN5A,I397V,1,1,2,1
SCN5A,I848F,2,2,2,0
SCN5A,I849N,1,1,0,-1
SCN5A,I94S,1,1,1,0
SCN5A,K1236N,1,1,1,0
SCN5A,K1236R,1,1,2,1
SCN5A,K1359N,1,1,1,0
SCN5A,K1419E,1,1,1,0
SCN5A,K1477N,1,1,1,0
SCN5A,K1493X,2,1,2,0
SCN5A,K1500N,1,1,0,-1
SCN5A,K1505N,2,2,2,0
SCN5A,K1527R,3,2,1,-2
SCN5A,K175N,1,2,1,0
SCN5A,K1872N,1,1,1,0
SCN5A,K1922A,0,1,0,0
SCN5A,K1922E,0,1,0,0
SCN5A,K249X,1,1,1,0
SCN5A,K317N,1,1,1,0
SCN5A,K590Q,1,1,1,0
SCN5A,K974D,1,1,1,0
SCN5A,L1194M,2,1,1,-1
SCN5A,L1239P,1,1,2,1
SCN5A,L1283M,1,1,1,0
SCN5A,L1311P,2,2,1,-1
SCN5A,L1338V,1,1,2,1
SCN5A,L1346I,1,1,1,0
SCN5A,L1346P,4,4,2,-2
SCN5A,L136P,5,4,2,-3
SCN5A,L1373X,8,4,3,-5
SCN5A,L1412F,1,1,1,0
SCN5A,L1516sp,1,1,1,0
SCN5A,L1560F,2,2,2,0
SCN5A,L1582P,3,3,1,-2
SCN5A,L1650F,1,1,1,0
SCN5A,L1650H,1,1,0,-1
SCN5A,L1704H,1,1,1,0
SCN5A,L1717P,2,2,1,-1
SCN5A,L1761F,1,1,1,0
SCN5A,L1761H,3,2,2,-1
SCN5A,L1772V,1,1,1,0
SCN5A,L1786P,0,1,0,0
SCN5A,L1854A,0,1,0,0
SCN5A,L1854E,0,1,0,0
SCN5A,L1988R,3,4,57,54
SCN5A,L212Q,1,1,1,0
SCN5A,L227P,2,2,4,2
SCN5A,L276P,3,2,1,-2
SCN5A,L276Q,6,6,2,-4
SCN5A,L299M,1,2,60,59
SCN5A,L315P,1,1,1,0
SCN5A,L404Q,1,1,1,0
SCN5A,L409C,0,2,0,0
SCN5A,L409V,2,2,2,0
SCN5A,L461V,9,3,333,324
SCN5A,L466F,1,1,7,6
SCN5A,L604V,2,1,3,1
SCN5A,L673P,1,1,1,0
SCN5A,L721P,1,1,0,-1
SCN5A,L771V,1,1,1,0
SCN5A,L828V,1,1,1,0
SCN5A,L839P,15,8,5,-10
SCN5A,L868X,3,3,3,0
SCN5A,L917R,1,1,1,0
SCN5A,L928P,1,2,1,0
SCN5A,L935P,1,1,1,0
SCN5A,M1245I,9,1,3,-6
SCN5A,M1335R,2,1,3,1
SCN5A,M1351R,1,1,1,0
SCN5A,M138I,1,1,1,0
SCN5A,M1487L,3,3,4,1
SCN5A,M1498R,6,1,2,-4
SCN5A,M1498T,4,3,2,-2
SCN5A,M1498V,1,1,1,0
SCN5A,M1652T,1,1,1,0
SCN5A,M1701I,1,1,2,1
SCN5A,M1766T,1,1,5,4
SCN5A,M1766V,10,2,10,0
SCN5A,M1880V,3,1,2,-1
SCN5A,M1I,1,1,1,0
SCN5A,M369K,10,7,3,-7
SCN5A,M506K,1,1,2,1
SCN5A,M704T,1,1,1,0
SCN5A,M734V,2,3,1,-1
SCN5A,M764R,1,1,1,0
SCN5A,M858L,3,1,3,0
SCN5A,N109K,5,4,4,-1
SCN5A,N1269S,7,2,8,1
SCN5A,N1365S,1,1,1,0
SCN5A,N1380K,5,5,2,-3
SCN5A,N1443S,5,1,15,10
SCN5A,N1463A,0,1,0,0
SCN5A,N1463C,0,1,0,0
SCN5A,N1463Y,2,2,1,-1
SCN5A,N1472S,1,1,1,0
SCN5A,N1722D,11,4,8,-3
SCN5A,N1774H,2,2,0,-2
SCN5A,N1774S,0,1,0,0
SCN5A,N275K,3,2,1,-2
SCN5A,N291H,1,1,4,3
SCN5A,N291S,1,1,3,2
SCN5A,N406A,0,1,0,0
SCN5A,N470K,6,2,5,-1
SCN5A,N782T,2,2,1,-1
SCN5A,N803G,0,1,0,0
SCN5A,N834D,1,1,1,0
SCN5A,N927S,10,7,4,-6
SCN5A,p.1570_F1571insI,16,3,10,-6
SCN5A,p.586_587delAL,1,1,38,37
SCN5A,p.801_803delMSN/insS,3,1,3,0
SCN5A,p.D1790del,1,1,1,0
SCN5A,p.D1816fs,1,1,0,-1
SCN5A,p.E429del,1,1,3,2
SCN5A,p.F1617del,65,12,51,-14
SCN5A,p.F2004dup,1,1,1,0
SCN5A,p.I1212del,2,2,2,0
SCN5A,p.I137_C139dup,1,1,1,0
SCN5A,p.I1570dup,5,3,3,-2
SCN5A,p.I1762del,2,2,1,-1
SCN5A,p.K1500del,1,1,1,0
SCN5A,p.L1501_K1505del,1,1,1,0
SCN5A,p.L64del,1,1,1,0
SCN5A,p.L860fsx89,1,1,1,0
SCN5A,p.N740del,1,1,1,0
SCN5A,p.Q1507_P1509del,87,8,87,0
SCN5A,p.T1709del,1,1,1,0
SCN5A,p.Thr1806SerfsX27,2,1,1,-1
SCN5A,p.V160fs,1,1,1,0
SCN5A,p.Y776del,1,1,1,0
SCN5A,P1011L,1,1,9,8
SCN5A,P1021S,5,1,8,3
SCN5A,P1187L,1,1,0,-1
SCN5A,P1438L,2,3,1,-1
SCN5A,P1506T,1,1,1,0
SCN5A,P1725L,1,1,6,5
SCN5A,P1730H,8,4,5,-3
SCN5A,P1824A,1,1,1,0
SCN5A,P1962L,1,1,49,48
SCN5A,P2005A,1,1,1,0
SCN5A,P52S,1,1,3,2
SCN5A,P614S,1,1,1,0
SCN5A,P621H,1,1,0,-1
SCN5A,P637L,1,1,1,0
SCN5A,P640A,1,1,2,1
SCN5A,P656L,1,1,124,123
SCN5A,P717L,4,3,3,-1
SCN5A,P773S,1,2,1,0
SCN5A,Q1033R,3,2,3,0
SCN5A,Q1077A,0,1,0,0
SCN5A,Q1077K,0,1,0,0
SCN5A,Q1077P,0,1,0,0
SCN5A,Q1077Y,0,1,0,0
SCN5A,Q1383X,1,1,1,0
SCN5A,Q1476X,3,2,2,-1
SCN5A,Q1613L,2,2,1,-1
SCN5A,Q1695X,8,6,3,-5
SCN5A,Q1706H,1,1,1,0
SCN5A,Q32R,1,1,0,-1
SCN5A,Q371E,4,1,4,0
SCN5A,Q419X,2,2,1,-1
SCN5A,Q573X,3,3,1,-2
SCN5A,Q73X,2,2,2,0
SCN5A,Q779K,4,3,2,-2
SCN5A,Q912R,1,1,2,1
SCN5A,Q960K,1,1,1,0
SCN5A,R1023C,3,2,5,2
SCN5A,R1027Q,1,1,11,10
SCN5A,R104G,1,1,1,0
SCN5A,R1116Q,2,2,21,19
SCN5A,R1116W,2,1,8,6
SCN5A,R1195S,1,1,1,0
SCN5A,R121Q,5,4,3,-2
SCN5A,R1232Q,2,2,9,7
SCN5A,R1316P,1,1,0,-1
SCN5A,R1432S,3,3,3,0
SCN5A,R1583C,2,3,4,2
SCN5A,R1583H,2,2,7,5
SCN5A,R15G,1,1,9,8
SCN5A,R1623L,6,4,3,-3
SCN5A,R1629G,2,2,2,0
SCN5A,R1632L,3,3,1,-2
SCN5A,R1739Q,2,2,5,3
SCN5A,R1739W,2,2,13,11
SCN5A,R179Q,1,1,7,6
SCN5A,R1826C,1,1,6,5
SCN5A,R1847H,1,1,4,3
SCN5A,R1897Q,1,1,7,6
SCN5A,R1898C,3,4,13,10
SCN5A,R190G,14,3,137,123
SCN5A,R190W,0,1,4,4
SCN5A,R1910A,0,1,0,0
SCN5A,R1910E,0,1,0,0
SCN5A,R1913C,2,2,4,2
SCN5A,R1914A,0,1,0,0
SCN5A,R1914E,0,1,0,0
SCN5A,R1919C,2,2,7,5
SCN5A,R1919H,1,1,3,2
SCN5A,R1929C,1,1,6,5
SCN5A,R1944X,3,2,4,1
SCN5A,R1958Q,2,2,29,27
SCN5A,R1958X,2,3,15,13
SCN5A,R1991Q,3,3,4,1
SCN5A,R2012C,2,2,10,8
SCN5A,R219C,5,2,7,2
SCN5A,R282C,4,5,3,-1
SCN5A,R340W,11,6,9,-2
SCN5A,R34H,3,2,13,10
SCN5A,R367C,12,9,8,-4
SCN5A,R367G,1,1,0,-1
SCN5A,R367L,1,2,1,0
SCN5A,R376C,5,3,1,-4
SCN5A,R475K,1,1,2,1
SCN5A,R475S,1,1,10,9
SCN5A,R504T,1,1,3,2
SCN5A,R513C,3,2,5,2
SCN5A,R513H,2,2,1,-1
SCN5A,R523C,2,2,3,1
SCN5A,R535G,1,1,1,0
SCN5A,R53Q,1,1,4,3
SCN5A,R661W,1,1,7,6
SCN5A,R693C,2,2,14,12
SCN5A,R808C,3,2,5,2
SCN5A,R808P,2,2,1,-1
SCN5A,R814Q,20,7,22,2
SCN5A,R893C,6,5,6,0
SCN5A,R965L,1,1,1,0
SCN5A,R971C,2,2,4,2
SCN5A,R975W,6,4,10,4
SCN5A,R986W,1,1,2,1
SCN5A,R988Q,1,1,14,13
SCN5A,R988W,1,1,6,5
SCN5A,S1074R,1,1,1,0
SCN5A,S1079F,6,3,4,-2
SCN5A,S1079Y,4,3,1,-3
SCN5A,S1135I,2,2,12,10
SCN5A,S115G,1,1,1,0
SCN5A,S1219N,1,1,1,0
SCN5A,S1285G,1,1,0,-1
SCN5A,S1382I,10,4,8,-2
SCN5A,S1458Y,2,2,1,-1
SCN5A,S1503A,0,2,0,0
SCN5A,S1553R,1,1,1,0
SCN5A,S1609W,1,1,1,0
SCN5A,S1672Y,10,7,3,-7
SCN5A,S1710L,11,4,8,-3
SCN5A,S1759A,0,1,0,0
SCN5A,S1759D,0,1,0,0
SCN5A,S1759K,0,1,0,0
SCN5A,S1759L,0,1,0,0
SCN5A,S1937F,1,1,0,-1
SCN5A,S1964F,1,1,14,13
SCN5A,S321Y,1,1,1,0
SCN5A,S483A,0,1,0,0
SCN5A,S516A,0,1,0,0
SCN5A,S516E,0,1,0,0
SCN5A,S519F,1,1,1,0
SCN5A,S571A,0,3,0,0
SCN5A,S571E,0,3,0,0
SCN5A,S571I,1,1,11,10
SCN5A,S593A,0,1,0,0
SCN5A,S664G,0,1,2,2
SCN5A,S705F,1,1,14,13
SCN5A,S799A,0,1,0,0
SCN5A,S835L,1,1,1,0
SCN5A,S901L,1,1,1,0
SCN5A,T1016M,1,1,23,22
SCN5A,T1069M,4,4,38,34
SCN5A,T1131I,2,2,8,6
SCN5A,T1247I,20,2,9,-11
SCN5A,T1461S,4,2,4,0
SCN5A,T1488R,1,1,1,0
SCN5A,T1544P,1,1,1,0
SCN5A,T1620H,0,1,0,0
SCN5A,T1620R,0,1,0,0
SCN5A,T1645M,4,3,8,4
SCN5A,T1709M,6,7,4,-2
SCN5A,T1709R,1,1,1,0
SCN5A,T1723N,1,1,2,1
SCN5A,T220N,1,1,0,-1
SCN5A,T320N,1,1,3,2
SCN5A,T370M,20,7,12,-8
SCN5A,T449A,1,1,3,2
SCN5A,T559I,1,1,5,4
SCN5A,T570N,2,1,2,0
SCN5A,T594A,0,1,0,0
SCN5A,T594E,0,1,0,0
SCN5A,T731I,1,1,1,0
SCN5A,T843A,2,2,1,-1
SCN5A,V1082A,1,1,5,4
SCN5A,V1098L,5,4,40,35
SCN5A,V113I,1,1,1,0
SCN5A,V1202M,1,1,3,2
SCN5A,V1249D,1,1,1,0
SCN5A,V1251M,1,2,60,59
SCN5A,V1279I,4,3,29,25
SCN5A,V1281F,3,3,2,-1
SCN5A,V1323G,1,1,1,0
SCN5A,V1353M,3,3,10,7
SCN5A,V1405L,6,5,2,-4
SCN5A,V1405M,4,5,3,-1
SCN5A,V1451D,1,1,1,0
SCN5A,V1468F,1,1,1,0
SCN5A,V146M,1,1,31,30
SCN5A,V1532I,3,3,78,75
SCN5A,V1597M,1,1,6,5
SCN5A,V1604M,1,1,9,8
SCN5A,V1667I,28,8,15,-13
SCN5A,V1747M,2,2,8,6
SCN5A,V1763C,0,1,0,0
SCN5A,V1764D,1,1,0,-1
SCN5A,V1764F,3,3,1,-2
SCN5A,V1777M,19,7,12,-7
SCN5A,V1861I,1,1,1,0
SCN5A,V1980A,0,1,0,0
SCN5A,V223L,2,2,2,0
SCN5A,V247L,1,1,17,16
SCN5A,V258A,1,1,1,0
SCN5A,V281M,1,1,3,2
SCN5A,V294M,2,3,9,7
SCN5A,V300I,1,1,2,1
SCN5A,V396A,1,1,1,0
SCN5A,V396L,1,2,1,0
SCN5A,V601A,1,1,1,0
SCN5A,V728I,1,1,4,3
SCN5A,V789I,1,1,15,14
SCN5A,V924I,2,2,33,31
SCN5A,W1095C,3,2,4,1
SCN5A,W1115X,1,1,1,0
SCN5A,W1192X,1,1,1,0
SCN5A,W1271C,1,1,1,0
SCN5A,W1345C,5,4,3,-2
SCN5A,W1440X,2,2,1,-1
SCN5A,W1591X,1,1,1,0
SCN5A,W1798A,0,1,0,0
SCN5A,W1798E,0,1,0,0
SCN5A,W1798F,0,1,0,0
SCN5A,W1798L,0,1,0,0
SCN5A,W1798X,1,1,1,0
SCN5A,W193X,1,1,1,0
SCN5A,W374G,4,3,1,-3
SCN5A,W781X,11,1,8,-3
SCN5A,W822C,2,2,1,-1
SCN5A,W904X,2,2,1,-1
SCN5A,Y1199S,1,1,1,0
SCN5A,Y1228H,2,2,2,0
SCN5A,Y1394X,1,1,1,0
SCN5A,Y1409C,1,1,1,0
SCN5A,Y1409X,2,2,1,-1
SCN5A,Y1434X,1,1,1,0
SCN5A,Y1449C,12,5,9,-3
SCN5A,Y1449S,1,1,1,0
SCN5A,Y1494A,0,1,0,0
SCN5A,Y1494N,0,1,0,0
SCN5A,Y1495A,0,1,0,0
SCN5A,Y1495F,0,2,0,0
SCN5A,Y1495S,1,1,1,0
SCN5A,Y1495X,8,1,0,-8
SCN5A,Y159X,1,1,1,0
SCN5A,Y1615X,2,2,1,-1
SCN5A,Y1795A,0,1,0,0
SCN5A,Y1795E,0,1,0,0
SCN5A,Y1795F,0,2,0,0
SCN5A,Y1795R,0,1,0,0
SCN5A,Y1795S,0,1,0,0
SCN5A,Y1977N,2,2,2,0
SCN5A,Y205X,1,1,1,0
SCN5A,Y389X,1,1,1,0
SCN5A,Y416C,2,2,2,0
SCN5A,I1756C,0,2,0,0
SCN5A,A1416G,1,1,1,0
SCN5A,A1656V,3,2,0,-3
SCN5A,A242D,1,1,1,0
SCN5A,A332T,1,1,3,2
SCN5A,A425T,1,1,1,0
SCN5A,A665T,1,1,17,16
SCN5A,C1728Y,1,1,1,0
SCN5A,C341Y,2,1,2,0
SCN5A,C683R,6,1,6,0
SCN5A,D546G,1,1,0,-1
SCN5A,D757Y,1,1,0,-1
SCN5A,E1105X,1,1,1,0
SCN5A,E1107X,1,1,1,0
SCN5A,E444fsX14,1,1,1,0
SCN5A,E654X ,1,1,1,0
SCN5A,F1460L,1,1,1,0
SCN5A,F355I,3,2,3,0
SCN5A,F4V,1,1,1,0
SCN5A,G1225K,1,1,1,0
SCN5A,G1369X,1,1,1,0
SCN5A,G1420D,1,1,1,0
SCN5A,G1433W,2,1,2,0
SCN5A,G1481R,1,1,1,0
SCN5A,G1481V,1,1,1,0
SCN5A,G1548K,3,1,3,0
SCN5A,G333A,1,1,0,-1
SCN5A,G351C,1,1,1,0
SCN5A,G897R,1,1,1,0
SCN5A,H886Q,7,1,7,0
SCN5A,I1524T,2,1,3,1
SCN5A,I1749N,1,1,1,0
SCN5A,K1265R,1,1,0,-1
SCN5A,K1504E,1,1,1,0
SCN5A,K430E,1,1,1,0
SCN5A,L1222R,1,1,1,0
SCN5A,L1579fsX53,1,1,1,0
SCN5A,L1634P,1,1,1,0
SCN5A,L177P,1,1,1,0
SCN5A,L1786R,1,1,1,0
SCN5A,L224F,1,1,1,0
SCN5A,L736P,1,1,1,0
SCN5A,L844RfsX3,1,1,1,0
SCN5A,M1487K,1,1,1,0
SCN5A,M1793K,1,1,2,1
SCN5A,M438L,1,1,1,0
SCN5A,M764K,2,2,2,0
SCN5A,p.E1071GfsX76,1,1,1,0
SCN5A,p.E1107RfsX24,2,1,2,0
SCN5A,p.E1165RfsX6,2,1,2,0
SCN5A,p.F1775LfsX15,2,1,3,1
SCN5A,p.F851CfsX19,1,1,1,0
SCN5A,p.F861WfsX90,6,1,6,0
SCN5A,p.G1015DfsX14,1,1,1,0
SCN5A,p.G1031fsX27,1,1,1,0
SCN5A,p.G1748del,1,1,1,0
SCN5A,p.I1758del,3,1,3,0
SCN5A,p.I759FfsX6,3,1,3,0
SCN5A,p.L1222LfsX7,2,1,2,0
SCN5A,p.L1302Vfs18,1,1,1,0
SCN5A,p.L1339del,1,1,2,1
SCN5A,p.N291TfsX52,2,1,3,1
SCN5A,p.N841TfsX2,1,1,1,0
SCN5A,p.P2006LfsX32,1,1,1,0
SCN5A,p.Q1475NfsX6,1,1,1,0
SCN5A,p.Q646RfsX5,7,1,8,1
SCN5A,p.Q90WfsX14,1,1,1,0
SCN5A,p.T631VfsX101,3,1,3,0
SCN5A,p.Y774TfsX28,2,1,2,0
SCN5A,P1014S,2,3,2,0
SCN5A,P116A,0,1,0,0
SCN5A,P1332Q,1,1,1,0
SCN5A,P1509A,0,1,0,0
SCN5A,P1959A,0,1,0,0
SCN5A,P1962S,2,1,1,-1
SCN5A,P2008A,0,1,0,0
SCN5A,P465A,0,1,0,0
SCN5A,P637A,0,1,0,0
SCN5A,Q1000X,1,1,1,0
SCN5A,Q1112X,1,1,1,0
SCN5A,Q1475L,1,1,1,0
SCN5A,Q1491H,1,1,1,0
SCN5A,R1027W,1,1,1,0
SCN5A,R1306H,1,1,2,1
SCN5A,R1626C,1,1,2,1
SCN5A,R1897Y,1,1,1,0
SCN5A,R222G,3,1,0,-3
SCN5A,R878L,1,1,1,0
SCN5A,S1074G,1,1,1,0
SCN5A,S1787G,1,1,0,-1
SCN5A,S941F,1,1,1,0
SCN5A,T101I,1,1,1,0
SCN5A,T1209R,1,1,1,0
SCN5A,V1525M,2,1,5,3
SCN5A,V1624I,1,1,2,1
SCN5A,V1763L,1,1,1,0
SCN5A,V1777L,1,1,1,0
SCN5A,V263I,1,1,3,2
SCN5A,V412D,1,1,1,0
SCN5A,V751I,1,1,4,3
SCN5A,W879R,2,3,2,0
SCN5A,Y112F,0,1,0,0
SCN5A,Y1795N,1,1,1,0
SCN5A,Y1811F,0,1,0,0
SCN5A,Y1811N,1,1,1,0
SCN5A,Y1811X,1,1,1,0
SCN5A,Y1889F,0,1,0,0
SCN5A,Y1950F,0,1,0,0
SCN5A,Y1950H,1,1,0,-1
SCN5A,Y1977F,0,1,0,0
SCN5A,Y1995F,0,1,0,0
SCN5A,Y449C,1,1,1,0
SCN5A,Y68F,0,1,0,0
SCN5A,Y87F,0,1,0,0
SCN5A,A166T,0,1,70,70
SCN5A,V714A,0,1,16,16
SCN5A,G833R,0,1,37,37
SCN5A,D1370G,0,1,15,15
SCN5A,A1746V,0,1,15,15
