gene,source_table,source_row_id,variant_raw,variant_normalized,pmid
KCNH2,[dbo].[KCNH2_clinical],7,G21D,G21D,21216356
KCNH2,[dbo].[KCNH2_clinical],12,R25W,R25W,23571586
KCNH2,[dbo].[KCNH2_clinical],54,c.1129-58_1320Del,c.1129-58_1320Del,29622001
KCNH2,[dbo].[KCNH2_clinical],57,c.1558-1G>C,c.1558-1G>C,29622001
KCNH2,[dbo].[KCNH2_clinical],72,c.3152+1G>A,c.3152+1G>A,29622001
KCNH2,[dbo].[KCNH2_clinical],121,"exon5,6,7Xdup","EXON5,6,7XDUP",16399053
KCNH2,[dbo].[KCNH2_clinical],140,c.76+2_3DelTG,c.76+2_3DelTG,
KCNH2,[dbo].[KCNH2_clinical],156,A715A,A715A,
KCNH2,[dbo].[KCNH2_clinical],161,c.Del2690AInsCGACAC,c.Del2690AInsCGACAC,
KCNH2,[dbo].[KCNH2_clinical],162,c.IVS6+2t/gsplicimgError,c.IVS6+2t/gsplicimgError,
KCNH2,[dbo].[KCNH2_clinical],242,I489I,I489I,
KCNH2,[dbo].[KCNH2_clinical],248,IVS11+1g/t,IVS11+1G>T,
KCNH2,[dbo].[KCNH2_clinical],249,IVS11-2A>T,IVS11-2A>T,
KCNH2,[dbo].[KCNH2_clinical],250,IVS12+1_IVS12+10DelGTATCCCGGG,IVS12+1_IVS12+10DELGTATCCCGGG,
KCNH2,[dbo].[KCNH2_clinical],251,IVS12-2a/t,IVS12-2A>T,
KCNH2,[dbo].[KCNH2_clinical],252,IVS8+1G>T,IVS8+1G>T,
KCNH2,[dbo].[KCNH2_clinical],253,IVS9+1G>A,IVS9+1G>A,
KCNH2,[dbo].[KCNH2_clinical],254,IVS9+2T>G,IVS9+2T>G,
KCNH2,[dbo].[KCNH2_clinical],261,L324L,L324L,
KCNH2,[dbo].[KCNH2_clinical],264,L564L,L564L,
KCNH2,[dbo].[KCNH2_clinical],267,L650+3X,L650+3X,
KCNH2,[dbo].[KCNH2_clinical],329,R1035fs×1057,R1035FS×1057,
KCNH2,[dbo].[KCNH2_clinical],334,R15W,R15W,
KCNH2,[dbo].[KCNH2_clinical],341,R243H,R243H,
KCNH2,[dbo].[KCNH2_clinical],381,splicing error,SPLICING ERROR,
KCNH2,[dbo].[KCNH2_clinical],385,T319T,T319T,
KCNH2,[dbo].[KCNH2_clinical],431,A8V,A8V,18776039
KCNH2,[dbo].[KCNH2_clinical],435,7q34q36.2Del,7Q34Q36.2DEL,16470702
KCNH2,[dbo].[KCNH2_clinical],436,7q36.1q36.2Del,7Q36.1Q36.2DEL,18348270
KCNH2,[dbo].[KCNH2_clinical],438,c.2592+1G->A,c.2592+1G->A,10086972
KCNH2,[dbo].[KCNH2_clinical],454,IVS9-28A/G,IVS9-28A>G,19187913
KCNH2,[dbo].[KCNH2_clinical],460,c.1945+6T>C,c.1945+6T>C,
KCNH2,[dbo].[KCNH2_clinical],461,c.1946-1G>A,c.1946-1G>A,
KCNH2,[dbo].[KCNH2_clinical],462,c.2399-28A>G,c.2399-28A>G,
KCNH2,[dbo].[KCNH2_clinical],463,c.2400-3480Del,c.2400-3480Del,
KCNH2,[dbo].[KCNH2_clinical],464,c.472+1G>C,c.472+1G>C,
KCNH2,[dbo].[KCNH2_clinical],601,IVS9+5g>t,IVS9+5G>T,24103226
KCNH2,[dbo].[KCNH2_clinical],676,c.1129-1556,c.1129-1556,
KCNH2,[dbo].[KCNH2_clinical],677,c.1129-1G>C,c.1129-1G>C,
KCNH2,[dbo].[KCNH2_clinical],678,c.1946?-c.3330?,c.1946?-c.3330?,
KCNH2,[dbo].[KCNH2_clinical],679,c.2146-2A>G,c.2146-2A>G,
KCNH2,[dbo].[KCNH2_clinical],680,c.2592+1G>A,c.2592+1G>A,
KCNH2,[dbo].[KCNH2_clinical],681,c.2959C>T,c.2959C>T,
KCNH2,[dbo].[KCNH2_clinical],682,c.473-1G>T,c.473-1G>T,
KCNH2,[dbo].[KCNH2_clinical],683,c.473-2A>T,c.473-2A>T,
KCNH2,[dbo].[KCNH2_clinical],726,K98R,K98R,
KCNH2,[dbo].[KCNH2_clinical],734,M1T,M1T,
KCNH2,[dbo].[KCNH2_clinical],766,R151X,R151X,
KCNH2,[dbo].[KCNH2_clinical],816,c.2398+1G>C,c.2398+1G>C,18272172
KCNH2,[dbo].[KCNH2_clinical],885,c.917-3T>C,c.917-3T>C,24217263
KCNH2,[dbo].[KCNH2_clinical],886,c.1557+1G>A,c.1557+1G>A,26496715
KCNH2,[dbo].[KCNH2_clinical],925,c.1945+6T>C,c.1945+6T>C,15364333
KCNH2,[dbo].[KCNH2_clinical],990,c.Exon9 IVS Del (?12??2),c.Exon9 IVS Del,15973763
KCNH2,[dbo].[KCNH2_clinical],1024,Del(7)(q32qter),DEL(7),19996378
KCNH2,[dbo].[KCNH2_clinical],1045,ex6-14Del,EX6-14DEL,18774102
KCNH2,[dbo].[KCNH2_clinical],1046,ex9-14dup,EX9-14DUP,18774102
KCNH2,[dbo].[KCNH2_clinical],1047,exon1-14Del,EXON1-14DEL,21185499
KCNH2,[dbo].[KCNH2_clinical],1048,exon2dup,EXON2DUP,23098067
KCNH2,[dbo].[KCNH2_clinical],1049,exon4-14Del,EXON4-14DEL,21185499
KCNH2,[dbo].[KCNH2_clinical],1050,exon6-14Del,EXON6-14DEL,20167303
KCNH2,[dbo].[KCNH2_clinical],1051,exon9-10Del,EXON9-10DEL,23098067
KCNH2,[dbo].[KCNH2_clinical],1198,IVS13+1G>A,IVS13+1G>A,15176425
KCNH2,[dbo].[KCNH2_clinical],1199,IVS9-28A/G,IVS9-28A>G,29020304
KCNH2,[dbo].[KCNH2_clinical],1310,P408A,P408A,19322600
KCNH2,[dbo].[KCNH2_clinical],1386,R25W,R25W,25626866
KCNH2,[dbo].[KCNH2_clinical],1463,S24fsX,S24fsX,19996378
KCNQ1,[dbo].[KCNQ1_clinical_v10],2,G148R,G148R,34135346
KCNQ1,[dbo].[KCNQ1_clinical_v10],10,R387Q,R387Q,34135346
KCNQ1,[dbo].[KCNQ1_clinical_v10],12,R518X,R518X,34135346
KCNQ1,[dbo].[KCNQ1_clinical_v10],16,I145Sfs*92,I145SFS*92,34088017
KCNQ1,[dbo].[KCNQ1_clinical_v10],17,W392X,W392X,34088017
KCNQ1,[dbo].[KCNQ1_clinical_v10],24,C122fs,C122fsX,33614747
KCNQ1,[dbo].[KCNQ1_clinical_v10],28,A344A,A344A,33614747
KCNQ1,[dbo].[KCNQ1_clinical_v10],38,P631fs,P631fsX,33498651
KCNQ1,[dbo].[KCNQ1_clinical_v10],40,R518X,R518X,33382510
KCNQ1,[dbo].[KCNQ1_clinical_v10],48,W248F,W248F,33082985
KCNQ1,[dbo].[KCNQ1_clinical_v10],50,W248F + L347R,W248F + L347R,33082985
KCNQ1,[dbo].[KCNQ1_clinical_v10],51,M1,M1,32893267
KCNQ1,[dbo].[KCNQ1_clinical_v10],52,C34X,C34X,32893267
KCNQ1,[dbo].[KCNQ1_clinical_v10],53,E39*,E39X,32893267
KCNQ1,[dbo].[KCNQ1_clinical_v10],55,Y51Lfs*234,Y51LFS*234,32893267
KCNQ1,[dbo].[KCNQ1_clinical_v10],56,Y51,Y51,32893267
KCNQ1,[dbo].[KCNQ1_clinical_v10],57,Y51,Y51,32893267
KCNQ1,[dbo].[KCNQ1_clinical_v10],60,P67Rfs*19,P67RFS*19,32893267
KCNQ1,[dbo].[KCNQ1_clinical_v10],61,P67Rfs*214,P67RFS*214,32893267
KCNQ1,[dbo].[KCNQ1_clinical_v10],63,V100Cfs*137,V100CFS*137,32893267
KCNQ1,[dbo].[KCNQ1_clinical_v10],64,Q107X,Q107X,32893267
KCNQ1,[dbo].[KCNQ1_clinical_v10],72,C122Lfs*163,C122LFS*163,32893267
KCNQ1,[dbo].[KCNQ1_clinical_v10],80,Y148*,Y148X,32893267
KCNQ1,[dbo].[KCNQ1_clinical_v10],81,W158Dfs*126,W158DFS*126,32893267
KCNQ1,[dbo].[KCNQ1_clinical_v10],87,L163Rfs*74,L163RFS*74,32893267
KCNQ1,[dbo].[KCNQ1_clinical_v10],89,T169Rfs*68,T169RFS*68,32893267
KCNQ1,[dbo].[KCNQ1_clinical_v10],90,Y171X,Y171X,32893267
KCNQ1,[dbo].[KCNQ1_clinical_v10],95,G179Sfs*62,G179SFS*62,32893267
KCNQ1,[dbo].[KCNQ1_clinical_v10],96,A178_W188del,A178_W188DEL,32893267
KCNQ1,[dbo].[KCNQ1_clinical_v10],98,S182Lfs*105,S182LFS*105,32893267
KCNQ1,[dbo].[KCNQ1_clinical_v10],102,V185_L187del,V185_L187DEL,32893267
KCNQ1,[dbo].[KCNQ1_clinical_v10],104,R190Afs*95,R190AFS*95,32893267
KCNQ1,[dbo].[KCNQ1_clinical_v10],109,R192Cfs*91,R192CFS*91,32893267
KCNQ1,[dbo].[KCNQ1_clinical_v10],110,K196Sfs*41,K196SFS*41,32893267
KCNQ1,[dbo].[KCNQ1_clinical_v10],116,V207_V212del,V207_V212DEL,32893267
KCNQ1,[dbo].[KCNQ1_clinical_v10],119,Q220Rfs*17,Q220RFS*17,32893267
KCNQ1,[dbo].[KCNQ1_clinical_v10],120,F222Vfs*16,F222VFS*16,32893267
KCNQ1,[dbo].[KCNQ1_clinical_v10],138,W248F,W248F,32893267
KCNQ1,[dbo].[KCNQ1_clinical_v10],149,E261L,E261L,32893267
KCNQ1,[dbo].[KCNQ1_clinical_v10],170,V288Wfs*60,V288WFS*60,32893267
KCNQ1,[dbo].[KCNQ1_clinical_v10],180,W305X,W305X,32893267
KCNQ1,[dbo].[KCNQ1_clinical_v10],182,V307Wfs*47,V307WFS*47,32893267
KCNQ1,[dbo].[KCNQ1_clinical_v10],211,C331*,C331X,32893267
KCNQ1,[dbo].[KCNQ1_clinical_v10],212,S333Cfs*129,S333CFS*129,32893267
KCNQ1,[dbo].[KCNQ1_clinical_v10],234,F351Vfs*112,F351VFS*112,32893267
KCNQ1,[dbo].[KCNQ1_clinical_v10],236,Q356X,Q356X,32893267
KCNQ1,[dbo].[KCNQ1_clinical_v10],247,I375Rfs*43,I375RFS*43,32893267
KCNQ1,[dbo].[KCNQ1_clinical_v10],248,Q376Pfs*42,Q376PFS*42,32893267
KCNQ1,[dbo].[KCNQ1_clinical_v10],250,W379X,W379X,32893267
KCNQ1,[dbo].[KCNQ1_clinical_v10],252,E385X,E385X,32893267
KCNQ1,[dbo].[KCNQ1_clinical_v10],257,K421,K421,32893267
KCNQ1,[dbo].[KCNQ1_clinical_v10],258,K422,K422,32893267
KCNQ1,[dbo].[KCNQ1_clinical_v10],259,K422Nfs*41,K422NFS*41,32893267
KCNQ1,[dbo].[KCNQ1_clinical_v10],260,K422Sfs*10,K422SFS*10,32893267
KCNQ1,[dbo].[KCNQ1_clinical_v10],261,F423Vfs*40,F423VFS*40,32893267
KCNQ1,[dbo].[KCNQ1_clinical_v10],263,E449Rfs*14,E449RFS*14,32893267
KCNQ1,[dbo].[KCNQ1_clinical_v10],264,P448Qfs*18,P448QFS*18,32893267
KCNQ1,[dbo].[KCNQ1_clinical_v10],265,E449Rfs*14,E449RFS*14,32893267
KCNQ1,[dbo].[KCNQ1_clinical_v10],268,Y461X,Y461X,32893267
KCNQ1,[dbo].[KCNQ1_clinical_v10],271,L496Afs*19,L496AFS*19,32893267
KCNQ1,[dbo].[KCNQ1_clinical_v10],272,E508X,E508X,32893267
KCNQ1,[dbo].[KCNQ1_clinical_v10],276,R518*,R518X,32893267
KCNQ1,[dbo].[KCNQ1_clinical_v10],281,Q530*,Q530X,32893267
KCNQ1,[dbo].[KCNQ1_clinical_v10],282,Y536*,Y536X,32893267
KCNQ1,[dbo].[KCNQ1_clinical_v10],288,V554Cfs*39,V554CFS*39,32893267
KCNQ1,[dbo].[KCNQ1_clinical_v10],294,Q565Sfs*28,Q565SFS*28,32893267
KCNQ1,[dbo].[KCNQ1_clinical_v10],300,L572Cfs*21,L572CFS*21,32893267
KCNQ1,[dbo].[KCNQ1_clinical_v10],301,V576Qfs*16,V576QFS*16,32893267
KCNQ1,[dbo].[KCNQ1_clinical_v10],314,R594*,R594X,32893267
KCNQ1,[dbo].[KCNQ1_clinical_v10],318,Q601*,Q601X,32893267
KCNQ1,[dbo].[KCNQ1_clinical_v10],319,D603Tfs*63,D603TFS*63,32893267
KCNQ1,[dbo].[KCNQ1_clinical_v10],320,D603Afs*63,D603AFS*63,32893267
KCNQ1,[dbo].[KCNQ1_clinical_v10],323,P631Hfs*14,P631HFS*14,32893267
KCNQ1,[dbo].[KCNQ1_clinical_v10],324,R632Efs*34,R632EFS*34,32893267
KCNQ1,[dbo].[KCNQ1_clinical_v10],325,R632Qfs*20,R632QFS*20,32893267
KCNQ1,[dbo].[KCNQ1_clinical_v10],326,W392X + I145SfsX,W392X + I145SFSX,32830254
KCNQ1,[dbo].[KCNQ1_clinical_v10],327,W392X,W392X,32830254
KCNQ1,[dbo].[KCNQ1_clinical_v10],328,I145SfsX,I145SFSX,32830254
KCNQ1,[dbo].[KCNQ1_clinical_v10],332,K581X,K581X,32508908
KCNQ1,[dbo].[KCNQ1_clinical_v10],337,Q357X,Q357X,32470535
KCNQ1,[dbo].[KCNQ1_clinical_v10],338,G245RfsX,G245RFSX,32470535
KCNQ1,[dbo].[KCNQ1_clinical_v10],339,R518X,R518X,32470535
KCNQ1,[dbo].[KCNQ1_clinical_v10],340,R518X + G833R,R518X + G833R,32470535
KCNQ1,[dbo].[KCNQ1_clinical_v10],341,E449fsX,E449fsX,32470535
KCNQ1,[dbo].[KCNQ1_clinical_v10],345,R632Q,R632Q,32470535
KCNQ1,[dbo].[KCNQ1_clinical_v10],357,V648V,V648V,31751991
KCNQ1,[dbo].[KCNQ1_clinical_v10],358,P448fsX,P448fsX,31751991
KCNQ1,[dbo].[KCNQ1_clinical_v10],359,R401fsX,R401fsX,31765965
KCNQ1,[dbo].[KCNQ1_clinical_v10],363,W176X,W176X,31565860
KCNQ1,[dbo].[KCNQ1_clinical_v10],370,E39X,E39X,31484877
KCNQ1,[dbo].[KCNQ1_clinical_v10],375,R192fsX,R192fsX,31520628
KCNQ1,[dbo].[KCNQ1_clinical_v10],379,R252fsX,R252fsX,31520628
KCNQ1,[dbo].[KCNQ1_clinical_v10],389,R360_Q361dupQKQR,R360_Q361DUPQKQR,31293497
KCNQ1,[dbo].[KCNQ1_clinical_v10],390,M476fsX,M476fsX,30797226
KCNQ1,[dbo].[KCNQ1_clinical_v10],391,G245fsX,G245fsX,30797226
KCNQ1,[dbo].[KCNQ1_clinical_v10],392,A512fsX,A512fsX,30797226
KCNQ1,[dbo].[KCNQ1_clinical_v10],399,D2Y,D2Y,30816480
KCNQ1,[dbo].[KCNQ1_clinical_v10],403,S546X,S546X,30816480
KCNQ1,[dbo].[KCNQ1_clinical_v10],406,Y51X,Y51X,30758498
KCNQ1,[dbo].[KCNQ1_clinical_v10],410,R147H,R147H,30758498
KCNQ1,[dbo].[KCNQ1_clinical_v10],416,A178-G189del,A178-G189DEL,30758498
KCNQ1,[dbo].[KCNQ1_clinical_v10],424,G219fsX236,G219fsX,30758498
KCNQ1,[dbo].[KCNQ1_clinical_v10],428,R237P,R237P,30758498
KCNQ1,[dbo].[KCNQ1_clinical_v10],432,W248F,W248F,30758498
KCNQ1,[dbo].[KCNQ1_clinical_v10],437,E261L,E261L,30758498
KCNQ1,[dbo].[KCNQ1_clinical_v10],446,I313K,I313K,30758498
KCNQ1,[dbo].[KCNQ1_clinical_v10],465,A344A,A344A,30758498
KCNQ1,[dbo].[KCNQ1_clinical_v10],467,K358_Q359del,K358_Q359DEL,30758498
KCNQ1,[dbo].[KCNQ1_clinical_v10],468,Q361_K362insRQ,Q361_K362INSRQ,30758498
KCNQ1,[dbo].[KCNQ1_clinical_v10],473,G417A,G417A,30758498
KCNQ1,[dbo].[KCNQ1_clinical_v10],477,T461X,T461X,30758498
KCNQ1,[dbo].[KCNQ1_clinical_v10],480,R518X,R518X,30758498
KCNQ1,[dbo].[KCNQ1_clinical_v10],482,Q521-Y522delT,Q521-Y522DELT,30758498
KCNQ1,[dbo].[KCNQ1_clinical_v10],493,L572fsX,L572fsX,30758498
KCNQ1,[dbo].[KCNQ1_clinical_v10],500,D603fsX,D603fsX,30758498
KCNQ1,[dbo].[KCNQ1_clinical_v10],502,P631fsX,P631fsX,30758498
KCNQ1,[dbo].[KCNQ1_clinical_v10],510,V288fsX,V288fsX,29688407
KCNQ1,[dbo].[KCNQ1_clinical_v10],514,R190fsX,R190fsX,29688407
KCNQ1,[dbo].[KCNQ1_clinical_v10],516,R555H/E633Gfs*18,R555H/E633GFS*18,29688407
KCNQ1,[dbo].[KCNQ1_clinical_v10],520,G45S,G45S,30462975
KCNQ1,[dbo].[KCNQ1_clinical_v10],523,F617V,F617V,30244407
KCNQ1,[dbo].[KCNQ1_clinical_v10],525,Q530X and R192Cfs*91,Q530X AND R192CFS*91,30406014
KCNQ1,[dbo].[KCNQ1_clinical_v10],526,Q530X,Q530X,30406014
KCNQ1,[dbo].[KCNQ1_clinical_v10],527,R192fsX,R192fsX,30406014
KCNQ1,[dbo].[KCNQ1_clinical_v10],530,A344A,A344A,29857160
KCNQ1,[dbo].[KCNQ1_clinical_v10],535,Q530X,Q530X,30369311
KCNQ1,[dbo].[KCNQ1_clinical_v10],560,R518X,R518X,29622001
KCNQ1,[dbo].[KCNQ1_clinical_v10],560,Y171X,Y171X,29622001
KCNQ1,[dbo].[KCNQ1_clinical_v10],562,R518X,R518X,29922582
KCNQ1,[dbo].[KCNQ1_clinical_v10],598,A344A,A344A,30036649
KCNQ1,[dbo].[KCNQ1_clinical_v10],599,G314F,G314F,30036649
KCNQ1,[dbo].[KCNQ1_clinical_v10],601,A512fsX,A512fsX,29372044
KCNQ1,[dbo].[KCNQ1_clinical_v10],621,R519X,R519X,28720088
KCNQ1,[dbo].[KCNQ1_clinical_v10],628,c.387-5T>A,c.387-5T>A,28944242
KCNQ1,[dbo].[KCNQ1_clinical_v10],660,A340E,A340E,27525866
KCNQ1,[dbo].[KCNQ1_clinical_v10],665,Y148fsX,Y148fsX,27041150
KCNQ1,[dbo].[KCNQ1_clinical_v10],670,E494fsX,E494fsX,27041150
KCNQ1,[dbo].[KCNQ1_clinical_v10],677,R518X,R518X,27286732
KCNQ1,[dbo].[KCNQ1_clinical_v10],682,E261L,E261L,27041096
KCNQ1,[dbo].[KCNQ1_clinical_v10],686,I313K,I313K,27041096
KCNQ1,[dbo].[KCNQ1_clinical_v10],697,G246T,G246T,27041096
KCNQ1,[dbo].[KCNQ1_clinical_v10],709,A344spl,A344SPL,26715165
KCNQ1,[dbo].[KCNQ1_clinical_v10],712,R632fsX,R632fsX,26715165
KCNQ1,[dbo].[KCNQ1_clinical_v10],718,Q531X,Q531X,26920202
KCNQ1,[dbo].[KCNQ1_clinical_v10],724,M1T,M1T,26496715
KCNQ1,[dbo].[KCNQ1_clinical_v10],725,H105fsX,H105fsX,26496715
KCNQ1,[dbo].[KCNQ1_clinical_v10],750,A344A,A344A,26496715
KCNQ1,[dbo].[KCNQ1_clinical_v10],754,360_361dupKQ,360_361DUPKQ,26496715
KCNQ1,[dbo].[KCNQ1_clinical_v10],756,S373fsX,S373fsX,26496715
KCNQ1,[dbo].[KCNQ1_clinical_v10],759,A384fs79X,A384fsX,26496715
KCNQ1,[dbo].[KCNQ1_clinical_v10],762,V440fsX,V440fsX,26496715
KCNQ1,[dbo].[KCNQ1_clinical_v10],763,R518X,R518X,26496715
KCNQ1,[dbo].[KCNQ1_clinical_v10],771,S349X,S349X,28491650
KCNQ1,[dbo].[KCNQ1_clinical_v10],773,L492_E493 ins DL,L492_E493 INS DL,26129877
KCNQ1,[dbo].[KCNQ1_clinical_v10],781,R518X,R518X,26019114
KCNQ1,[dbo].[KCNQ1_clinical_v10],793,L263R,L263R,26066609
KCNQ1,[dbo].[KCNQ1_clinical_v10],803,L191fs+90X,L191fsX,24666684
KCNQ1,[dbo].[KCNQ1_clinical_v10],809,R518X,R518X,25471708
KCNQ1,[dbo].[KCNQ1_clinical_v10],810,M159sp,M159X,25471708
KCNQ1,[dbo].[KCNQ1_clinical_v10],812,Q530X,Q530X,25471708
KCNQ1,[dbo].[KCNQ1_clinical_v10],814,R192Cfs91X,R192CFS91X,25471708
KCNQ1,[dbo].[KCNQ1_clinical_v10],815,S227del,S227del,25471708
KCNQ1,[dbo].[KCNQ1_clinical_v10],824,I274fsX,I274fsX,24372464
KCNQ1,[dbo].[KCNQ1_clinical_v10],824,L496fsX,L496fsX,24372464
KCNQ1,[dbo].[KCNQ1_clinical_v10],824,T377del,T377del,24372464
KCNQ1,[dbo].[KCNQ1_clinical_v10],826,I328_S330del,I328_S330DEL,24667783
KCNQ1,[dbo].[KCNQ1_clinical_v10],827,D454Tfs*7,D454TFS*7,24667783
KCNQ1,[dbo].[KCNQ1_clinical_v10],828,Y522X,Y522X,24667783
KCNQ1,[dbo].[KCNQ1_clinical_v10],833,S349X,S349X,24667783
KCNQ1,[dbo].[KCNQ1_clinical_v10],838,P67Rfs*214,P67RFS*214,24667783
KCNQ1,[dbo].[KCNQ1_clinical_v10],856,exons7-10del,EXONS7-10DEL,25187895
KCNQ1,[dbo].[KCNQ1_clinical_v10],856,R632fsX,R632fsX,25187895
KCNQ1,[dbo].[KCNQ1_clinical_v10],872,R518X,R518X,24631775
KCNQ1,[dbo].[KCNQ1_clinical_v10],878,L191fsX,L191fsX,24606995
KCNQ1,[dbo].[KCNQ1_clinical_v10],888,A344A,A344A,24606995
KCNQ1,[dbo].[KCNQ1_clinical_v10],891,R336W,R336W,24606995
KCNQ1,[dbo].[KCNQ1_clinical_v10],892,P400fsX,P400fsX,24606995
KCNQ1,[dbo].[KCNQ1_clinical_v10],893,Q530X,Q530X,24606995
KCNQ1,[dbo].[KCNQ1_clinical_v10],900,E449Rfs*14,E449RFS*14,24388587
KCNQ1,[dbo].[KCNQ1_clinical_v10],900,Q530spl,Q530SPL,24388587
KCNQ1,[dbo].[KCNQ1_clinical_v10],903,R518X,R518X,24552659
KCNQ1,[dbo].[KCNQ1_clinical_v10],906,G189fs+236X,G189fsX,24363352
KCNQ1,[dbo].[KCNQ1_clinical_v10],911,E261L,E261L,24363352
KCNQ1,[dbo].[KCNQ1_clinical_v10],913,C331X,C331X,24363352
KCNQ1,[dbo].[KCNQ1_clinical_v10],919,K431X,K431X,24363352
KCNQ1,[dbo].[KCNQ1_clinical_v10],921,R518X,R518X,24363352
KCNQ1,[dbo].[KCNQ1_clinical_v10],925,T587N,T587N,24363352
KCNQ1,[dbo].[KCNQ1_clinical_v10],939,R258C,R258C,24218437
KCNQ1,[dbo].[KCNQ1_clinical_v10],943,V110fs132X,V110fsX,24218437
KCNQ1,[dbo].[KCNQ1_clinical_v10],948,R518X,R518X,24052033
KCNQ1,[dbo].[KCNQ1_clinical_v10],949,Y461X,Y461X,24070608
KCNQ1,[dbo].[KCNQ1_clinical_v10],965,R100W,R100W,24217263
KCNQ1,[dbo].[KCNQ1_clinical_v10],967,C122LfsX16,C122LFSX16,23631430
KCNQ1,[dbo].[KCNQ1_clinical_v10],968,L151GfsX133,L151GFSX133,23631430
KCNQ1,[dbo].[KCNQ1_clinical_v10],971,W176X,W176X,23631430
KCNQ1,[dbo].[KCNQ1_clinical_v10],975,R192CfsX91,R192CFSX91,23631430
KCNQ1,[dbo].[KCNQ1_clinical_v10],986,L266CfsX23,L266CFSX23,23631430
KCNQ1,[dbo].[KCNQ1_clinical_v10],995,W305X,W305X,23631430
KCNQ1,[dbo].[KCNQ1_clinical_v10],1002,W323X,W323X,23631430
KCNQ1,[dbo].[KCNQ1_clinical_v10],1008,Q356X,Q356X,23631430
KCNQ1,[dbo].[KCNQ1_clinical_v10],1009,Q359X,Q359X,23631430
KCNQ1,[dbo].[KCNQ1_clinical_v10],1015,R401PfsX62,R401PFSX62,23631430
KCNQ1,[dbo].[KCNQ1_clinical_v10],1019,R518X,R518X,23631430
KCNQ1,[dbo].[KCNQ1_clinical_v10],1027,R562SfsX31,R562SFSX31,23631430
KCNQ1,[dbo].[KCNQ1_clinical_v10],1035,R594X,R594X,23631430
KCNQ1,[dbo].[KCNQ1_clinical_v10],1040,R632QfsX20,R632QFSX20,23631430
KCNQ1,[dbo].[KCNQ1_clinical_v10],1049,D611T,D611T,22354620
KCNQ1,[dbo].[KCNQ1_clinical_v10],1055,R518X,R518X,22539601
KCNQ1,[dbo].[KCNQ1_clinical_v10],1058,Q530X,Q530X,22539601
KCNQ1,[dbo].[KCNQ1_clinical_v10],1060,R192Cfs91X,R192CFS91X,22539601
KCNQ1,[dbo].[KCNQ1_clinical_v10],1067,M1X,M1X,23153844
KCNQ1,[dbo].[KCNQ1_clinical_v10],1068,A150fs/133,A150FS/133,23153844
KCNQ1,[dbo].[KCNQ1_clinical_v10],1069,M159sp,M159X,23153844
KCNQ1,[dbo].[KCNQ1_clinical_v10],1071,Y171X,Y171X,23153844
KCNQ1,[dbo].[KCNQ1_clinical_v10],1073,L191fs+90X,L191fsX,23153844
KCNQ1,[dbo].[KCNQ1_clinical_v10],1074,L191fs/90,L191FS/90,23153844
KCNQ1,[dbo].[KCNQ1_clinical_v10],1075,R195fs/40,R195FS/40,23153844
KCNQ1,[dbo].[KCNQ1_clinical_v10],1081,A287fs+59X,A287fsX,23153844
KCNQ1,[dbo].[KCNQ1_clinical_v10],1088,A344A/sp,A344A/SP,23153844
KCNQ1,[dbo].[KCNQ1_clinical_v10],1090,S349X,S349X,23153844
KCNQ1,[dbo].[KCNQ1_clinical_v10],1091,P400fs/62,P400FS/62,23153844
KCNQ1,[dbo].[KCNQ1_clinical_v10],1092,K422fsX10,K422fsX,23153844
KCNQ1,[dbo].[KCNQ1_clinical_v10],1093,P448fs/13,P448FS/13,23153844
KCNQ1,[dbo].[KCNQ1_clinical_v10],1094,R518X,R518X,23153844
KCNQ1,[dbo].[KCNQ1_clinical_v10],1095,Q530X,Q530X,23153844
KCNQ1,[dbo].[KCNQ1_clinical_v10],1096,S571fs/20,S571FS/20,23153844
KCNQ1,[dbo].[KCNQ1_clinical_v10],1100,A636fs/28,A636FS/28,23153844
KCNQ1,[dbo].[KCNQ1_clinical_v10],1190,L162fsX,L162fsX,22677073
KCNQ1,[dbo].[KCNQ1_clinical_v10],1191,L191fsX,L191fsX,22677073
KCNQ1,[dbo].[KCNQ1_clinical_v10],1200,R518X,R518X,22309168
KCNQ1,[dbo].[KCNQ1_clinical_v10],1206,S27A,S27A,22095730
KCNQ1,[dbo].[KCNQ1_clinical_v10],1217,A344A,A344A,21956039
KCNQ1,[dbo].[KCNQ1_clinical_v10],1218,S349X,S349X,21956039
KCNQ1,[dbo].[KCNQ1_clinical_v10],1220,P400fs/62X,P400FS/62X,21956039
KCNQ1,[dbo].[KCNQ1_clinical_v10],1224,Q530X,Q530X,21956039
KCNQ1,[dbo].[KCNQ1_clinical_v10],1226,Q359X,Q359X,21956039
KCNQ1,[dbo].[KCNQ1_clinical_v10],1237,S333Cfs/129X,S333CFS/129X,21131640
KCNQ1,[dbo].[KCNQ1_clinical_v10],1243,R518X,R518X,21131640
KCNQ1,[dbo].[KCNQ1_clinical_v10],1276,H445Y,H445Y,20167303
KCNQ1,[dbo].[KCNQ1_clinical_v10],1283,R518X,R518X,19940153
KCNQ1,[dbo].[KCNQ1_clinical_v10],1293,V595del,V595del,19825999
KCNQ1,[dbo].[KCNQ1_clinical_v10],1294,P631fsX,P631fsX,19825999
KCNQ1,[dbo].[KCNQ1_clinical_v10],1297,Y51X,Y51X,19841300
KCNQ1,[dbo].[KCNQ1_clinical_v10],1298,73-73 del AAP,73-73 DEL AAP,19841300
KCNQ1,[dbo].[KCNQ1_clinical_v10],1303,M159sp,M159X,19841300
KCNQ1,[dbo].[KCNQ1_clinical_v10],1305,V162fs/72,V162FS/72,19841300
KCNQ1,[dbo].[KCNQ1_clinical_v10],1312,L191fs/90,L191FS/90,19841300
KCNQ1,[dbo].[KCNQ1_clinical_v10],1318,R228sp,R228X,19841300
KCNQ1,[dbo].[KCNQ1_clinical_v10],1329,V288fs/60,V288FS/60,19841300
KCNQ1,[dbo].[KCNQ1_clinical_v10],1343,339delF,339DELF,19841300
KCNQ1,[dbo].[KCNQ1_clinical_v10],1347,A344sp,A344X,19841300
KCNQ1,[dbo].[KCNQ1_clinical_v10],1349,Q359X,Q359X,19841300
KCNQ1,[dbo].[KCNQ1_clinical_v10],1353,392insW,392INSW,19841300
KCNQ1,[dbo].[KCNQ1_clinical_v10],1357,K422fs/9,K422FS/9,19841300
KCNQ1,[dbo].[KCNQ1_clinical_v10],1360,P448fs/13,P448FS/13,19841300
KCNQ1,[dbo].[KCNQ1_clinical_v10],1364,Q505X,Q505X,19841300
KCNQ1,[dbo].[KCNQ1_clinical_v10],1365,R518X,R518X,19841300
KCNQ1,[dbo].[KCNQ1_clinical_v10],1370,Y536X,Y536X,19841300
KCNQ1,[dbo].[KCNQ1_clinical_v10],1382,614delH,614DELH,19841300
KCNQ1,[dbo].[KCNQ1_clinical_v10],1389,A340E,A340E,20368164
KCNQ1,[dbo].[KCNQ1_clinical_v10],1395,F36fsX,F36fsX,19716085
KCNQ1,[dbo].[KCNQ1_clinical_v10],1397,Y51X,Y51X,19716085
KCNQ1,[dbo].[KCNQ1_clinical_v10],1398,A58fs,A58fsX,19716085
KCNQ1,[dbo].[KCNQ1_clinical_v10],1399,64_70delPASPAAP*,64_70DELPASPAAP,19716085
KCNQ1,[dbo].[KCNQ1_clinical_v10],1401,S66fsX,S66fsX,19716085
KCNQ1,[dbo].[KCNQ1_clinical_v10],1403,G80fsX,G80fsX,19716085
KCNQ1,[dbo].[KCNQ1_clinical_v10],1404,V91fs,V91fsX,19716085
KCNQ1,[dbo].[KCNQ1_clinical_v10],1407,K121fs+162X,K121fsX,19716085
KCNQ1,[dbo].[KCNQ1_clinical_v10],1412,L134fs+101X,L134fsX,19716085
KCNQ1,[dbo].[KCNQ1_clinical_v10],1414,A150fs+132X,A150fsX,19716085
KCNQ1,[dbo].[KCNQ1_clinical_v10],1418,V162fs+73X,V162fsX,19716085
KCNQ1,[dbo].[KCNQ1_clinical_v10],1421,G168fs+67X,G168fsX,19716085
KCNQ1,[dbo].[KCNQ1_clinical_v10],1422,Y171X,Y171X,19716085
KCNQ1,[dbo].[KCNQ1_clinical_v10],1426,R174fsX,R174fsX,19716085
KCNQ1,[dbo].[KCNQ1_clinical_v10],1431,W188X,W188X,19716085
KCNQ1,[dbo].[KCNQ1_clinical_v10],1434,L191fs+90X,L191fsX,19716085
KCNQ1,[dbo].[KCNQ1_clinical_v10],1436,R195fs+40X,R195fsX,19716085
KCNQ1,[dbo].[KCNQ1_clinical_v10],1449,D242fs+19X,D242fsX,19716085
KCNQ1,[dbo].[KCNQ1_clinical_v10],1454,H258fs+5X,H258fsX,19716085
KCNQ1,[dbo].[KCNQ1_clinical_v10],1457,E261X,E261X,19716085
KCNQ1,[dbo].[KCNQ1_clinical_v10],1459,T265fs+22X,T265fsX,19716085
KCNQ1,[dbo].[KCNQ1_clinical_v10],1473,A287fs+59X,A287fsX,19716085
KCNQ1,[dbo].[KCNQ1_clinical_v10],1481,W305X,W305X,19716085
KCNQ1,[dbo].[KCNQ1_clinical_v10],1494,340delF,340DELF,19716085
KCNQ1,[dbo].[KCNQ1_clinical_v10],1501,A344A,A344A,19716085
KCNQ1,[dbo].[KCNQ1_clinical_v10],1502,S349X,S349X,19716085
KCNQ1,[dbo].[KCNQ1_clinical_v10],1506,Q356X,Q356X,19716085
KCNQ1,[dbo].[KCNQ1_clinical_v10],1507,Q359X*,Q359X,19716085
KCNQ1,[dbo].[KCNQ1_clinical_v10],1517,391dupS,391DUPS,19716085
KCNQ1,[dbo].[KCNQ1_clinical_v10],1518,393dupW,393DUPW,19716085
KCNQ1,[dbo].[KCNQ1_clinical_v10],1521,K398fs+19X,K398fsX,19716085
KCNQ1,[dbo].[KCNQ1_clinical_v10],1522,P400fs+61X,P400fsX,19716085
KCNQ1,[dbo].[KCNQ1_clinical_v10],1523,K421fs+9X,K421fsX,19716085
KCNQ1,[dbo].[KCNQ1_clinical_v10],1529,E487fs+9X,E487fsX,19716085
KCNQ1,[dbo].[KCNQ1_clinical_v10],1530,T495fs+18X,T495fsX,19716085
KCNQ1,[dbo].[KCNQ1_clinical_v10],1531,Q505X,Q505X,19716085
KCNQ1,[dbo].[KCNQ1_clinical_v10],1533,R518X,R518X,19716085
KCNQ1,[dbo].[KCNQ1_clinical_v10],1540,Q530X,Q530X,19716085
KCNQ1,[dbo].[KCNQ1_clinical_v10],1541,Q531X,Q531X,19716085
KCNQ1,[dbo].[KCNQ1_clinical_v10],1566,596delE,596DELE,19716085
KCNQ1,[dbo].[KCNQ1_clinical_v10],1568,K598K,K598K,19716085
KCNQ1,[dbo].[KCNQ1_clinical_v10],1570,D603fs+47X*,D603fsX,19716085
KCNQ1,[dbo].[KCNQ1_clinical_v10],1572,614delH*,614DELH,19716085
KCNQ1,[dbo].[KCNQ1_clinical_v10],1574,P631fs+19X,P631fsX,19716085
KCNQ1,[dbo].[KCNQ1_clinical_v10],1576,Y662X*,Y662X,19716085
KCNQ1,[dbo].[KCNQ1_clinical_v10],1653,I313K,I313K,19056345
KCNQ1,[dbo].[KCNQ1_clinical_v10],1654,I313E,I313E,19056345
KCNQ1,[dbo].[KCNQ1_clinical_v10],1655,I313G,I313G,19056345
KCNQ1,[dbo].[KCNQ1_clinical_v10],1664,201fsX,201FSX,19261104
KCNQ1,[dbo].[KCNQ1_clinical_v10],1670,F340W,F340W,18567635
KCNQ1,[dbo].[KCNQ1_clinical_v10],1675,delF340,DELF340,18713323
KCNQ1,[dbo].[KCNQ1_clinical_v10],1676,A344A,A344A,18713323
KCNQ1,[dbo].[KCNQ1_clinical_v10],1687,W248F,W248F,18441444
KCNQ1,[dbo].[KCNQ1_clinical_v10],1688,I313K,I313K,18266681
KCNQ1,[dbo].[KCNQ1_clinical_v10],1690,R518X,R518X,18595190
KCNQ1,[dbo].[KCNQ1_clinical_v10],1692,Q530X,Q530X,18595190
KCNQ1,[dbo].[KCNQ1_clinical_v10],1693,L572del,L572del,18595190
KCNQ1,[dbo].[KCNQ1_clinical_v10],1707,R518X,R518X,18752142
KCNQ1,[dbo].[KCNQ1_clinical_v10],1708,Q530X,Q530X,18752142
KCNQ1,[dbo].[KCNQ1_clinical_v10],1736,T76I,T76I,
KCNQ1,[dbo].[KCNQ1_clinical_v10],1738,M1V,M1V,17470695
KCNQ1,[dbo].[KCNQ1_clinical_v10],1742,A150fs/133[delCT451-452],A150FS/133[DELCT451-452],17470695
KCNQ1,[dbo].[KCNQ1_clinical_v10],1745,Y171X[513 C>G],Y171X[513 C>G],17470695
KCNQ1,[dbo].[KCNQ1_clinical_v10],1749,G185S,G185S,17470695
KCNQ1,[dbo].[KCNQ1_clinical_v10],1753,L191fs/90[delTGCGC572-576],L191FS/90[DELTGCGC572-576],17470695
KCNQ1,[dbo].[KCNQ1_clinical_v10],1754,R195fs/40[delG585],R195FS/40[DELG585],17470695
KCNQ1,[dbo].[KCNQ1_clinical_v10],1757,R237P,R237P,17470695
KCNQ1,[dbo].[KCNQ1_clinical_v10],1762,R258C,R258C,17470695
KCNQ1,[dbo].[KCNQ1_clinical_v10],1783,delF340[delCTT1017-1019],DELF340[DELCTT1017-1019],17470695
KCNQ1,[dbo].[KCNQ1_clinical_v10],1787,A344A/sp[1032 G>A],A344A/SP[1032 G>A],17470695
KCNQ1,[dbo].[KCNQ1_clinical_v10],1796,P400fs/62[insC1201-1202],P400FS/62[INSC1201-1202],17470695
KCNQ1,[dbo].[KCNQ1_clinical_v10],1797,P448fs/13[insG1344-1345],P448FS/13[INSG1344-1345],17470695
KCNQ1,[dbo].[KCNQ1_clinical_v10],1799,R518X[1552C>T],R518X[1552C>T],17470695
KCNQ1,[dbo].[KCNQ1_clinical_v10],1802,Q530X[1588C>T],Q530X[1588C>T],17470695
KCNQ1,[dbo].[KCNQ1_clinical_v10],1806,S571fs/20[delC1714),S571FS/20[DELC1714),17470695
KCNQ1,[dbo].[KCNQ1_clinical_v10],1811,A636fs/28[delC1909],A636FS/28[DELC1909],17470695
KCNQ1,[dbo].[KCNQ1_clinical_v10],1823,L191fsX,L191fsX,17222736
KCNQ1,[dbo].[KCNQ1_clinical_v10],1832,R59RP,R59RP,17224687
KCNQ1,[dbo].[KCNQ1_clinical_v10],1837,L175fsX240,L175fsX,17192539
KCNQ1,[dbo].[KCNQ1_clinical_v10],1854,V288fsX347,V288fsX,17192539
KCNQ1,[dbo].[KCNQ1_clinical_v10],1870,sp/A344A,SP/A344A,17192539
KCNQ1,[dbo].[KCNQ1_clinical_v10],1871,Q359-K362Del,Q359-K362DEL,17192539
KCNQ1,[dbo].[KCNQ1_clinical_v10],1876,K422fsX462,K422fsX,17192539
KCNQ1,[dbo].[KCNQ1_clinical_v10],1888,R594C,R594C,17192539
KCNQ1,[dbo].[KCNQ1_clinical_v10],1889,Q604X,Q604X,17192539
KCNQ1,[dbo].[KCNQ1_clinical_v10],1900,W188fs,W188fsX,16922724
KCNQ1,[dbo].[KCNQ1_clinical_v10],1917,S145L,S145L,16831322
KCNQ1,[dbo].[KCNQ1_clinical_v10],1923,A366T,A366T,16326905
KCNQ1,[dbo].[KCNQ1_clinical_v10],1924,A366C,A366C,16326905
KCNQ1,[dbo].[KCNQ1_clinical_v10],1930,delF339,DELF339,15950200
KCNQ1,[dbo].[KCNQ1_clinical_v10],1947,A789fs*105,A789fsX,15358555
KCNQ1,[dbo].[KCNQ1_clinical_v10],1948,L237F,L237F,15851171
KCNQ1,[dbo].[KCNQ1_clinical_v10],1949,A344A,A344A,15851171
KCNQ1,[dbo].[KCNQ1_clinical_v10],1950,S349X,S349X,15851171
KCNQ1,[dbo].[KCNQ1_clinical_v10],1952,R518X,R518X,15851171
KCNQ1,[dbo].[KCNQ1_clinical_v10],1955,Y148X,Y148X,15194462
KCNQ1,[dbo].[KCNQ1_clinical_v10],1973,277delS,277DELS,15176425
KCNQ1,[dbo].[KCNQ1_clinical_v10],1975,S547L,S547L,15176425
KCNQ1,[dbo].[KCNQ1_clinical_v10],1976,1685delAG+1delG,1685DELAG+1DELG,15176425
KCNQ1,[dbo].[KCNQ1_clinical_v10],1979,L151(delCT),L151,14678125
KCNQ1,[dbo].[KCNQ1_clinical_v10],1981,Y171X,Y171X,14678125
KCNQ1,[dbo].[KCNQ1_clinical_v10],1984,G185S,G185S,14678125
KCNQ1,[dbo].[KCNQ1_clinical_v10],2002,delF340,DELF340,14678125
KCNQ1,[dbo].[KCNQ1_clinical_v10],2005,A344/sp,A344/SP,14678125
KCNQ1,[dbo].[KCNQ1_clinical_v10],2006,A344A/splice,A344A/SPLICE,14678125
KCNQ1,[dbo].[KCNQ1_clinical_v10],2013,R518X,R518X,14678125
KCNQ1,[dbo].[KCNQ1_clinical_v10],2015,Q530X,Q530X,14678125
KCNQ1,[dbo].[KCNQ1_clinical_v10],2020,G502A,G502A,14531214
KCNQ1,[dbo].[KCNQ1_clinical_v10],2025,L191fs*90,L191fsX,12877697
KCNQ1,[dbo].[KCNQ1_clinical_v10],2032,R518X,R518X,14510661
KCNQ1,[dbo].[KCNQ1_clinical_v10],2033,Q530X,Q530X,14510661
KCNQ1,[dbo].[KCNQ1_clinical_v10],2058,Y171X,Y171X,12051962
KCNQ1,[dbo].[KCNQ1_clinical_v10],2079,R518X,R518X,11140949
KCNQ1,[dbo].[KCNQ1_clinical_v10],2080,Q530X,Q530X,11140949
KCNQ1,[dbo].[KCNQ1_clinical_v10],2085,R518X,R518X,10737999
KCNQ1,[dbo].[KCNQ1_clinical_v10],2094,R518X,R518X,10482963
KCNQ1,[dbo].[KCNQ1_clinical_v10],2116,T182I,T182I,9482580
KCNQ1,[dbo].[KCNQ1_clinical_v10],2117,D188N,D188N,9482580
KCNQ1,[dbo].[KCNQ1_clinical_v10],,R192fsX,R192fsX,30369311
KCNQ1,[dbo].[KCNQ1_clinical_v10],,Y171X,Y171X,26063740
SCN5A,[SCN5A].[SCN5A_papers],135,Y1795insD,Y1795insD,29540853
SCN5A,[SCN5A].[SCN5A_papers],476,A1126V,A1126V,28878402
SCN5A,[SCN5A].[SCN5A_papers],489,A1225V,A1225V,22360817
SCN5A,[SCN5A].[SCN5A_papers],551,A29A,A29A,24524602
SCN5A,[SCN5A].[SCN5A_papers],552,A29A,A29A,14985827
SCN5A,[SCN5A].[SCN5A_papers],553,A29A,A29A,15161528
SCN5A,[SCN5A].[SCN5A_papers],554,A29A,A29A,20004937
SCN5A,[SCN5A].[SCN5A_papers],555,A29A,A29A,26798387
SCN5A,[SCN5A].[SCN5A_papers],556,A29A,A29A,18341814
SCN5A,[SCN5A].[SCN5A_papers],800,c.870delC,c.870delC,28341781
SCN5A,[SCN5A].[SCN5A_papers],897,D1819D,D1819D,24524602
SCN5A,[SCN5A].[SCN5A_papers],898,D1819D,D1819D,14985827
SCN5A,[SCN5A].[SCN5A_papers],899,D1819D,D1819D,15161528
SCN5A,[SCN5A].[SCN5A_papers],900,D1819D,D1819D,16132053
SCN5A,[SCN5A].[SCN5A_papers],901,D1819D,D1819D,19322600
SCN5A,[SCN5A].[SCN5A_papers],902,D1819D,D1819D,20004937
SCN5A,[SCN5A].[SCN5A_papers],903,D1819D,D1819D,26798387
SCN5A,[SCN5A].[SCN5A_papers],934,E1061E,E1061E,20004937
SCN5A,[SCN5A].[SCN5A_papers],1065,exon15_28dup,EXON15_28DUP,27684715
SCN5A,[SCN5A].[SCN5A_papers],1066,exon23_deletion,EXON23_DELETION,28491684
SCN5A,[SCN5A].[SCN5A_papers],1114,F1986L,F1986L,28359509
SCN5A,[SCN5A].[SCN5A_papers],1550,L867X,L867X,12106943
SCN5A,[SCN5A].[SCN5A_papers],1844,Q654K,Q654K,22360817
SCN5A,[SCN5A].[SCN5A_papers],2236,R769C,R769C,15520322
SCN5A,[SCN5A].[SCN5A_papers],2492,T630T,T630T,22885917
SCN5A,[SCN5A].[SCN5A_papers],2521,V1344I,V1344I,27232914
SCN5A,[SCN5A].[SCN5A_papers],2559,V176M,V176M,19996378
SCN5A,[SCN5A].[SCN5A_papers],2560,V1774D,V1774D,20541041
SCN5A,[SCN5A].[SCN5A_papers],2754,c.1141-2A>G,c.1141-2A>G,29579189
SCN5A,[SCN5A].[SCN5A_papers],2755,c.2024-11T>A,c.2024-11T>A,29497013
SCN5A,[SCN5A].[SCN5A_papers],2756,c.2268_2271del,c.2268_2271del,29709101
SCN5A,[SCN5A].[SCN5A_papers],2757,c.2436 +12G>A,c.2436 +12G>A,29672598
SCN5A,[SCN5A].[SCN5A_papers],2760,c.2583_2583delTT,c.2583_2583delTT,29325976
SCN5A,[SCN5A].[SCN5A_papers],2762,c.3316delG,c.3316delG,29325976
SCN5A,[SCN5A].[SCN5A_papers],2763,c.3477delT,c.3477delT,29325976
SCN5A,[SCN5A].[SCN5A_papers],2764,c.3512-2A>C,c.3512-2A>C,29325976
SCN5A,[SCN5A].[SCN5A_papers],2768,c.393-1C>T,c.393-1C>T,30059973
SCN5A,[SCN5A].[SCN5A_papers],2769,c.3963+2C>T,c.3963+2C>T,29325976
SCN5A,[SCN5A].[SCN5A_papers],2770,c.4086delG,c.4086delG,29759671
SCN5A,[SCN5A].[SCN5A_papers],2771,c.4245+1G>T,c.4245+1G>T,30059973
SCN5A,[SCN5A].[SCN5A_papers],2773,c.429del,c.429del,29497013
SCN5A,[SCN5A].[SCN5A_papers],2778,c.4813+3_4813_6dup,c.4813+3_4813_6dup,29709101
SCN5A,[SCN5A].[SCN5A_papers],2779,c.4813+6_4819+9dupGGGT,c.4813+6_4819+9dupGGGT,29325976
SCN5A,[SCN5A].[SCN5A_papers],2781,c.5265_5270del insA,c.5265_5270del insA,29325976
SCN5A,[SCN5A].[SCN5A_papers],2833,F1775fsX1785,F1775fsX,29325976
SCN5A,[SCN5A].[SCN5A_papers],2855,G1476X,G1476X,29325976
SCN5A,[SCN5A].[SCN5A_papers],2869,G346X,G346X,29325976
SCN5A,[SCN5A].[SCN5A_papers],2890,IVS21+5G>A,IVS21+5G>A,29572929
SCN5A,[SCN5A].[SCN5A_papers],2891,IVS22+2T>C,IVS22+2T>C,29325976
SCN5A,[SCN5A].[SCN5A_papers],2929,p.1795insD,P.1795INSD,29718149
SCN5A,[SCN5A].[SCN5A_papers],2930,p.1795insD,P.1795INSD,30354299
SCN5A,[SCN5A].[SCN5A_papers],3063,SCN5A_del,SCN5A_DEL,29650450
SCN5A,[SCN5A].[SCN5A_papers],3064,t(3;10)(p22.2;p13),T(3;10),30170230
