gene,pilot_case,pmid,variant_rows,unique_variants,carriers,affected,unaffected,zero_carrier_rows,clinical_rows,example_variants
KCNH2,heavy_table,15840476,89,86,108,108,0,0,89,A422T;A561T;A561V;A614V;A671del
KCNH2,affected_and_unaffected,19160088,3,2,130,112,18,0,3,L552S;R176W
KCNH2,unaffected_only,14661677,29,25,148,0,148,0,29,A1058E;A190T;A203T;A915V;C723R
KCNH2,single_variant,10862095,1,1,63,5,58,0,1,K897T
KCNH2,zero_carrier_row,29752375,8,8,0,0,0,8,8,A190T;E90K;G294V;P967L;Q1068R
KCNH2,existing_api_gold,24667783,23,23,32,26,5,0,23,A172V;A561V;E807X;G238R;G262fsX
KCNH2,coverage_fill,10973849,60,59,65,65,0,0,60,A561T;A561V;A78P;A83fsX;C44X
KCNH2,coverage_fill,26496715,54,53,101,101,0,0,54,A1017fsX;A169G;A32T;A561T;A561V
KCNH2,coverage_fill,11854117,44,44,201,201,0,0,44,A561T;A561V;A614V;A78P;A83fsX
KCNH2,coverage_fill,29622001,35,35,220,104,0,1,35,A193V;A285fsX;A558E;A561T;A561V
KCNQ1,heavy_table,32893267,252,249,722,722,0,0,253,A128del;A178T;A178_W188DEL;A226V;A287S
KCNQ1,affected_and_unaffected,30758498,94,93,263,228,7,16,96,A178-G189DEL;A178T;A226V;A341E;A341V
KCNQ1,unaffected_only,17016049,3,3,420,0,420,0,3,G643S;P448R;R519H
KCNQ1,single_variant,21129503,1,1,170,26,0,0,1,Y111C
KCNQ1,zero_carrier_row,20421371,7,7,0,0,0,7,7,D202H;D202N;I204F;I204M;S209F
KCNQ1,existing_api_gold,24667783,16,16,26,20,4,0,16,A300T;D454TFS*7;F339S;G168R;G306R
KCNQ1,coverage_fill,19716085,182,180,442,442,0,0,183,340DELF;391DUPS;393DUPW;596DELE;614DELH
KCNQ1,coverage_fill,19841300,90,90,210,112,98,0,91,339DELF;392INSW;614DELH;73-73 DEL AAP;A300T
KCNQ1,coverage_fill,22949429,72,71,183,85,98,0,72,A300T;A341E;A341V;A525T;A590T
KCNQ1,coverage_fill,23631430,69,68,121,0,0,0,69,A287T;A300T;A302V;A341E;A344V
SCN5A,heavy_table,20129283,417,347,1044,436,608,0,417,A1113V;A1288G;A1427S;A1428V;A1680T
SCN5A,affected_and_unaffected,26669661,27,27,299,219,80,0,27,A1186T;A1221V;A1330T;A1746T;D1114E
SCN5A,unaffected_only,27681629,1,1,11,0,11,0,1,R1193Q
SCN5A,single_variant,20470418,1,1,85,39,46,0,1,S1103Y
SCN5A,zero_carrier_row,32533946,83,83,0,0,0,83,83,A1428V;A166T;A1680T;A1746V;A178G
SCN5A,existing_api_gold,24667783,12,12,17,15,2,0,12,D1163E;E1784K;G1329S;M1498T;N406S
SCN5A,coverage_fill,30059973,185,185,445,445,0,0,185,A1186T;A1221V;A1330D;A1330T;A1428S
SCN5A,coverage_fill,19716085,111,111,148,148,0,0,111,A1100V;A1326S;A572S;A572V;A997S
SCN5A,coverage_fill,29325976,93,91,118,118,0,0,93,A1416G;A1698T;A735V;C1728Y;D1243N
SCN5A,coverage_fill,28341781,55,55,60,60,0,0,55,A1428S;A735V;E1225K;E1784K;E428K
