gene,clinical_variant_raw,clinical_variant_normalized,browser_variant,match_method,source_row_id,pmid
KCNH2,R62Q,R62Q,R62Q,normalized,1,29881912
KCNH2,G572S,G572S,G572S,normalized,2,21216356
KCNH2,G628R,G628R,G628R,normalized,3,21216356
KCNH2,E637G,E637G,E637G,normalized,4,21216356
KCNH2,V115M,V115M,V115M,normalized,5,21216356
KCNH2,A193T,A193T,A193T,normalized,6,21216356
KCNH2,G21D,G21D,,unmatched,7,21216356
KCNH2,R181W,R181W,R181W,normalized,8,21216356
KCNH2,S1028Del,S1028del,S1028Del,normalized,9,21216356
KCNH2,R1047L,R1047L,R1047L,normalized,10,15913580
KCNH2,G601S,G601S,G601S,normalized,11,16969682
KCNH2,R25W,R25W,,unmatched,12,23571586
KCNH2,A1017fsX,A1017fsX,A1017fsX,normalized,13,26496715
KCNH2,A57P,A57P,A57P,normalized,14,24103226
KCNH2,K897T,K897T,K897T,normalized,15,18808722
KCNH2,A490T,A490T,A490T,normalized,16,18808722
KCNH2,T983I,T983I,T983I,normalized,17,26746457
KCNH2,E58K,E58K,E58K,normalized,18,19695459
KCNH2,G745fsX,G745fsX,G745fsX,normalized,19,19695459
KCNH2,R823W,R823W,R823W,normalized,20,19695459
KCNH2,R948S,R948S,R948S,normalized,21,19695459
KCNH2,S320L,S320L,S320L,normalized,22,19695459
KCNH2,S706F,S706F,S706F,normalized,23,19695459
KCNH2,C44W,C44W,C44W,normalized,24,27816319
KCNH2,E1126fsX,E1126fsX,E1126fsX,normalized,25,27816319
KCNH2,K897T,K897T,K897T,normalized,26,21779290
KCNH2,T618I,T618I,T618I,normalized,27,28491588
KCNH2,C108Y,C108Y,C108Y,normalized,28,28749435
KCNH2,K897T,K897T,K897T,normalized,29,28749435
KCNH2,K897T,K897T,K897T,normalized,30,28491588
KCNH2,K897T,K897T,K897T,normalized,31,21164565
KCNH2,P926fsX,P926fsX,P926fsX,normalized,32,29739726
KCNH2,R1047L,R1047L,R1047L,normalized,33,24596401
KCNH2,T618I,T618I,T618I,normalized,34,29759541
KCNH2,G603D,G603D,G603D,normalized,35,23917959
KCNH2,N45D,N45D,N45D,normalized,36,23237912
KCNH2,M124T,M124T,M124T,normalized,37,19371231
KCNH2,E50D,E50D,E50D,normalized,38,29759541
KCNH2,I560T,I560T,I560T,normalized,39,29759541
KCNH2,N588K,N588K,N588K,normalized,40,29759541
KCNH2,R1135H,R1135H,R1135H,normalized,41,29759541
KCNH2,F627L,F627L,F627L,normalized,42,18848812
KCNH2,R744X,R744X,R744X,normalized,43,22338672
KCNH2,R835W,R835W,R835W,normalized,44,14998625
KCNH2,R1032fsX,R1032fsX,R1032fsX,normalized,45,26496715
KCNH2,R823W,R823W,R823W,normalized,46,23631430
KCNH2,R920Q,R920Q,R920Q,normalized,47,23631430
KCNH2,S620N,S620N,S620N,normalized,48,23631430
KCNH2,D896fsX,D896fsX,D896fsX,normalized,49,26496715
KCNH2,F463L,F463L,F463L,normalized,50,19065538
KCNH2,R1047L,R1047L,R1047L,normalized,51,19322600
KCNH2,R176W,R176W,R176W,normalized,52,19160088
KCNH2,R1047L,R1047L,R1047L,normalized,53,14556882
KCNH2,c.1129-58_1320Del,c.1129-58_1320Del,,unmatched,54,29622001
KCNH2,S428fsX,S428fsX,S428fsX,normalized,55,24606995
KCNH2,D460fsX,D460fsX,D460fsX,normalized,56,29622001
KCNH2,c.1558-1G>C,c.1558-1G>C,,unmatched,57,29622001
KCNH2,E544fsX,E544fsX,E544fsX,normalized,58,29622001
KCNH2,W585fsX,W585fsX,W585fsX,normalized,59,30105468
KCNH2,W705fsX,W705fsX,W705fsX,normalized,60,24606995
KCNH2,Q725fsX,Q725fsX,Q725fsX,normalized,61,29622001
KCNH2,T74fsX,T74fsX,T74fsX,normalized,62,29622001
KCNH2,R744fsX,R744fsX,R744fsX,normalized,63,26118593
KCNH2,A83fsX,A83fsX,A83fsX,normalized,64,24606995
KCNH2,R835fsX,R835fsX,R835fsX,normalized,65,26937396
KCNH2,P923fsX,P923fsX,P923fsX,normalized,66,24606995
KCNH2,L987fsX,L987fsX,L987fsX,normalized,67,29622001
KCNH2,G1006fsX,G1006fsX,G1006fsX,normalized,68,29622001
KCNH2,L1012fsX,L1012fsX,L1012fsX,normalized,69,27345990
KCNH2,S1029fsX,S1029fsX,S1029fsX,normalized,70,24606995
KCNH2,P1034fsX,P1034fsX,P1034fsX,normalized,71,29622001
KCNH2,c.3152+1G>A,c.3152+1G>A,,unmatched,72,29622001
KCNH2,T1054fsX,T1054fsX,T1054fsX,normalized,73,29622001
KCNH2,R148fsX,R148fsX,R148fsX,normalized,74,24606995
KCNH2,T152fsX,T152fsX,T152fsX,normalized,75,29622001
KCNH2,P151fsX,P151fsX,P151fsX,normalized,76,24606995
KCNH2,V215X,V215X,V215X,normalized,77,29622001
KCNH2,R281fsX,R281fsX,R281fsX,normalized,78,29622001
KCNH2,A285fsX,A285fsX,A285fsX,normalized,79,29622001
KCNH2,R534C,R534C,R534C,normalized,80,21308345
KCNH2,K897T,K897T,K897T,normalized,81,19322600
KCNH2,K897T,K897T,K897T,normalized,82,16116052
KCNH2,G186fsX,G186fsX,G186fsX,normalized,83,10491368
KCNH2,Q1070X,Q1070X,Q1070X,normalized,84,18362022
KCNH2,A561T,A561T,A561T,normalized,85,28438721
KCNH2,I593R,I593R,I593R,normalized,86,28438721
KCNH2,S428L,S428L,S428L,normalized,87,28438721
KCNH2,P926fsX,P926fsX,P926fsX,normalized,88,20181576
KCNH2,K897T,K897T,K897T,normalized,89,20181576
KCNH2,C984fsX,C984fsX,C984fsX,normalized,90,26496715
KCNH2,A561V,A561V,A561V,normalized,91,24667783
KCNH2,T613M,T613M,T613M,normalized,92,24667783
KCNH2,G262fsX,G262fsX,G262fsX,normalized,93,24667783
KCNH2,G785fsX,G785fsX,G785fsX,normalized,94,24667783
KCNH2,L559H,L559H,L559H,normalized,95,24667783
KCNH2,M645V,M645V,M645V,normalized,96,24667783
KCNH2,N629S,N629S,N629S,normalized,97,24667783
KCNH2,P596L,P596L,P596L,normalized,98,24667783
KCNH2,P72R,P72R,P72R,normalized,99,24667783
KCNH2,R176W,R176W,R176W,normalized,100,24667783
KCNH2,R534C,R534C,R534C,normalized,101,24667783
KCNH2,R582C,R582C,R582C,normalized,102,24667783
KCNH2,S428X,S428X,S428X,normalized,103,24667783
KCNH2,S818L,S818L,S818L,normalized,104,24667783
KCNH2,A80V,A80V,A80V,normalized,105,18508782
KCNH2,E544fsX,E544fsX,E544fsX,normalized,106,18508782
KCNH2,Q376sp,Q376SP,Q376sp,normalized,107,18508782
KCNH2,S55L,S55L,S55L,normalized,108,18508782
KCNH2,E95G,E95G,E95G,normalized,109,23098067
KCNH2,Q61R,Q61R,Q61R,normalized,110,23098067
KCNH2,T613M,T613M,T613M,normalized,111,19731233
KCNH2,A915fsX,A915fsX,A915fsX,normalized,112,18984536
KCNH2,A228V,A228V,A228V,normalized,113,22727609
KCNH2,A448T,A448T,A448T,normalized,114,22727609
KCNH2,F640Del,F640del,F640Del,normalized,115,22727609
KCNH2,G572S,G572S,G572S,normalized,116,22727609
KCNH2,P632S,P632S,P632S,normalized,117,22727609
KCNH2,R1047L,R1047L,R1047L,normalized,118,22727609
KCNH2,R534C,R534C,R534C,normalized,119,22727609
KCNH2,T1054fsX,T1054fsX,T1054fsX,normalized,120,22727609
KCNH2,"exon5,6,7Xdup","EXON5,6,7XDUP",,unmatched,121,16399053
KCNH2,K28E,K28E,K28E,normalized,122,15699249
KCNH2,R1047L,R1047L,R1047L,normalized,123,21964171
KCNH2,T613M,T613M,T613M,normalized,124,15466642
KCNH2,V131fsX,V131fsX,V131fsX,normalized,125,15466642
KCNH2,A614V,A614V,A614V,normalized,126,19843919
KCNH2,D342V,D342V,D342V,normalized,127,19843919
KCNH2,H492Y,H492Y,H492Y,normalized,128,19843919
KCNH2,M756V,M756V,M756V,normalized,129,19843919
KCNH2,S706F,S706F,S706F,normalized,130,19843919
KCNH2,K897T,K897T,K897T,normalized,131,23277474
KCNH2,Y493X,Y493X,Y493X,normalized,132,9600240
KCNH2,R534C,R534C,R534C,normalized,133,9600240
KCNH2,E876fsX,E876fsX,E876fsX,normalized,134,16922724
KCNH2,V1038fsX,V1038fsX,V1038fsX,normalized,135,16923798
KCNH2,L552S,L552S,L552S,normalized,136,16754261
KCNH2,R176W,R176W,R176W,normalized,137,16754261
KCNH2,L552S,L552S,L552S,normalized,138,29622001
KCNH2,R176W,R176W,R176W,normalized,139,29622001
KCNH2,c.76+2_3DelTG,c.76+2_3DelTG,,unmatched,140,
KCNH2,I82Ins,I82ins,I82Ins,normalized,141,
KCNH2,A1061P,A1061P,A1061P,normalized,142,
KCNH2,A1144T,A1144T,A1144T,normalized,143,
KCNH2,A175fsX,A175fsX,A175fsX,normalized,144,
KCNH2,A193fsX,A193fsX,A193fsX,normalized,145,
KCNH2,A282fsX,A282fsX,A282fsX,normalized,146,
KCNH2,A34fsX,A34fsX,A34fsX,normalized,147,
KCNH2,A382T,A382T,A382T,normalized,148,
KCNH2,A490T,A490T,A490T,normalized,149,
KCNH2,A504V,A504V,A504V,normalized,150,
KCNH2,A536fsX,A536fsX,A536fsX,normalized,151,
KCNH2,A561T,A561T,A561T,normalized,152,
KCNH2,A561V,A561V,A561V,normalized,153,
KCNH2,A614T,A614T,A614T,normalized,154,
KCNH2,A614V,A614V,A614V,normalized,155,
KCNH2,A715A,A715A,,unmatched,156,
KCNH2,A78T,A78T,A78T,normalized,157,
KCNH2,A83P,A83P,A83P,normalized,158,
KCNH2,A907fsX,A907fsX,A907fsX,normalized,159,
KCNH2,A915fsX,A915fsX,A915fsX,normalized,160,
KCNH2,c.Del2690AInsCGACAC,c.Del2690AInsCGACAC,,unmatched,161,
KCNH2,c.IVS6+2t/gsplicimgError,c.IVS6+2t/gsplicimgError,,unmatched,162,
KCNH2,C276X,C276X,C276X,normalized,163,
KCNH2,C49G,C49G,C49G,normalized,164,
KCNH2,C566F,C566F,C566F,normalized,165,
KCNH2,C66R,C66R,C66R,normalized,166,
KCNH2,C750X,C750X,C750X,normalized,167,
KCNH2,C977S,C977S,C977S,normalized,168,
KCNH2,C977Y,C977Y,C977Y,normalized,169,
KCNH2,D111V,D111V,D111V,normalized,170,
KCNH2,D197Y,D197Y,D197Y,normalized,171,
KCNH2,D286fsX,D286fsX,D286fsX,normalized,172,
KCNH2,D342V,D342V,D342V,normalized,173,
KCNH2,D466E,D466E,D466E,normalized,174,
KCNH2,D501N,D501N,D501N,normalized,175,
KCNH2,D774fsX,D774fsX,D774fsX,normalized,176,
KCNH2,D837N,D837N,D837N,normalized,177,
KCNH2,D864G,D864G,D864G,normalized,178,
KCNH2,E1039X,E1039X,E1039X,normalized,179,
KCNH2,E118fsX,E118fsX,E118fsX,normalized,180,
KCNH2,E130K,E130K,E130K,normalized,181,
KCNH2,E50fsX,E50fsX,E50fsX,normalized,182,
KCNH2,E58K,E58K,E58K,normalized,183,
KCNH2,E637fsX,E637fsX,E637fsX,normalized,184,
KCNH2,E904fsX,E904fsX,E904fsX,normalized,185,
KCNH2,E978X,E978X,E978X,normalized,186,
KCNH2,F106L,F106L,F106L,normalized,187,
KCNH2,F106V,F106V,F106V,normalized,188,
KCNH2,F22Y,F22Y,F22Y,normalized,189,
KCNH2,F431L,F431L,F431L,normalized,190,
KCNH2,F471fsX,F471fsX,F471fsX,normalized,191,
KCNH2,F617L,F617L,F617L,normalized,192,
KCNH2,F627fsX,F627fsX,F627fsX,normalized,193,
KCNH2,F640Del,F640del,F640Del,normalized,194,
KCNH2,F68L,F68L,F68L,normalized,195,
KCNH2,G1031fsX,G1031fsX,G1031fsX,normalized,196,
KCNH2,G1031fsX,G1031fsX,G1031fsX,normalized,197,
KCNH2,G1031fsX,G1031fsX,G1031fsX,normalized,198,
KCNH2,G1031fsX,G1031fsX,G1031fsX,normalized,199,
KCNH2,G187Del,G187del,G187Del,normalized,200,
KCNH2,S239fsX,S239fsX,S239fsX,normalized,201,
KCNH2,Q391X,Q391X,Q391X,normalized,202,
KCNH2,G47C,G47C,G47C,normalized,203,
KCNH2,G53S,G53S,G53S,normalized,204,
KCNH2,G572C,G572C,G572C,normalized,205,
KCNH2,G572D,G572D,G572D,normalized,206,
KCNH2,G572S,G572S,G572S,normalized,207,
KCNH2,G584C,G584C,G584C,normalized,208,
KCNH2,G590D,G590D,G590D,normalized,209,
KCNH2,G590V,G590V,G590V,normalized,210,
KCNH2,G601S,G601S,G601S,normalized,211,
KCNH2,G603D,G603D,G603D,normalized,212,
KCNH2,G604D,G604D,G604D,normalized,213,
KCNH2,G604S,G604S,G604S,normalized,214,
KCNH2,G628S,G628S,G628S,normalized,215,
KCNH2,G628V,G628V,G628V,normalized,216,
KCNH2,G657S,G657S,G657S,normalized,217,
KCNH2,G657V,G657V,G657V,normalized,218,
KCNH2,G71R,G71R,G71R,normalized,219,
KCNH2,G745fsX,G745fsX,G745fsX,normalized,220,
KCNH2,G785D,G785D,G785D,normalized,221,
KCNH2,G785S,G785S,G785S,normalized,222,
KCNH2,G873fsX,G873fsX,G873fsX,normalized,223,
KCNH2,G909fsX,G909fsX,G909fsX,normalized,224,
KCNH2,G911fsX,G911fsX,G911fsX,normalized,225,
KCNH2,G924fsX,G924fsX,G924fsX,normalized,226,
KCNH2,G924fsX,G924fsX,G924fsX,normalized,227,
KCNH2,G925fsX,G925fsX,G925fsX,normalized,228,
KCNH2,G965fsX,G965fsX,G965fsX,normalized,229,
KCNH2,T152fsX,T152fsX,T152fsX,normalized,230,
KCNH2,H254fsX,H254fsX,H254fsX,normalized,231,
KCNH2,H302fsX,H302fsX,H302fsX,normalized,232,
KCNH2,H402R,H402R,H402R,normalized,233,
KCNH2,H485fsX,H485fsX,H485fsX,normalized,234,
KCNH2,H492Y,H492Y,H492Y,normalized,235,
KCNH2,H562Q,H562Q,H562Q,normalized,236,
KCNH2,H562R,H562R,H562R,normalized,237,
KCNH2,H70Q,H70Q,H70Q ,normalized,238,
KCNH2,H731R,H731R,H731R,normalized,239,
KCNH2,I363fsX,I363fsX,I363fsX,normalized,240,
KCNH2,I489F,I489F,I489F,normalized,241,
KCNH2,I489I,I489I,,unmatched,242,
KCNH2,I593M,I593M,I593M,normalized,243,
KCNH2,I593V,I593V,I593V,normalized,244,
KCNH2,I639N,I639N,I639N,normalized,245,
KCNH2,I96V,I96V,I96V,normalized,246,
KCNH2,I997fsX,I997fsX,I997fsX,normalized,247,
KCNH2,IVS11+1g/t,IVS11+1G>T,,unmatched,248,
KCNH2,IVS11-2A>T,IVS11-2A>T,,unmatched,249,
KCNH2,IVS12+1_IVS12+10DelGTATCCCGGG,IVS12+1_IVS12+10DELGTATCCCGGG,,unmatched,250,
KCNH2,IVS12-2a/t,IVS12-2A>T,,unmatched,251,
KCNH2,IVS8+1G>T,IVS8+1G>T,,unmatched,252,
KCNH2,IVS9+1G>A,IVS9+1G>A,,unmatched,253,
KCNH2,IVS9+2T>G,IVS9+2T>G,,unmatched,254,
KCNH2,K364fsX,K364fsX,K364fsX,normalized,255,
KCNH2,K495fsX,K495fsX,K495fsX,normalized,256,
KCNH2,K595E,K595E,K595E,normalized,257,
KCNH2,K595N,K595N,K595N,normalized,258,
KCNH2,K638Del,K638del,K638Del,normalized,259,
KCNH2,L1064fsX,L1064fsX,L1064fsX,normalized,260,
KCNH2,L324L,L324L,,unmatched,261,
KCNH2,L468fsX,L468fsX,L468fsX,normalized,262,
KCNH2,L468R,L468R,L468R,normalized,263,
KCNH2,L564L,L564L,,unmatched,264,
KCNH2,L615F,L615F,L615F,normalized,265,
KCNH2,L622F,L622F,L622F,normalized,266,
KCNH2,L650+3X,L650+3X,,unmatched,267,
KCNH2,L69Del,L69del,L69Del,normalized,268,
KCNH2,L697fsX,L697fsX,L697fsX,normalized,269,
KCNH2,L717P,L717P,L717P,normalized,270,
KCNH2,L724fsX,L724fsX,L724fsX,normalized,271,
KCNH2,L737P,L737P,L737P,normalized,272,
KCNH2,L973fsX,L973fsX,L973fsX,normalized,273,
KCNH2,L987fsX,L987fsX,L987fsX,normalized,274,
KCNH2,L987fsX,L987fsX,L987fsX,normalized,275,
KCNH2,M574V,M574V,M574V,normalized,276,
KCNH2,M579T,M579T,M579T,normalized,277,
KCNH2,M60T,M60T,M60T,normalized,278,
KCNH2,M645I,M645I,M645I,normalized,279,
KCNH2,M645V,M645V,M645V,normalized,280,
KCNH2,M651K,M651K,M651K,normalized,281,
KCNH2,M756V,M756V,M756V,normalized,282,
KCNH2,N146fsX,N146fsX,N146fsX,normalized,283,
KCNH2,N629K,N629K,N629K,normalized,284,
KCNH2,N629S,N629S,N629S,normalized,285,
KCNH2,N629T,N629T,N629T,normalized,286,
KCNH2,N633I,N633I,N633I,normalized,287,
KCNH2,N633S,N633S,N633S,normalized,288,
KCNH2,N866fsX,N866fsX,N866fsX,normalized,289,
KCNH2,N985fsX,N985fsX,N985fsX,normalized,290,
KCNH2,N996fsX,N996fsX,N996fsX,normalized,291,
KCNH2,P1030fsX,P1030fsX,P1030fsX,normalized,292,
KCNH2,P1030fsX,P1030fsX,P1030fsX,normalized,293,
KCNH2,P1084fsX,P1084fsX,P1084fsX,normalized,294,
KCNH2,P1093L,P1093L,P1093L,normalized,295,
KCNH2,P1125fs,P1125fsX,P1125fsX,normalized,296,
KCNH2,P114S,P114S,P114S,normalized,297,
KCNH2,P151fsX,P151fsX,P151fsX,normalized,298,
KCNH2,P151fsX,P151fsX,P151fsX,normalized,299,
KCNH2,P310fsX,P310fsX,P310fsX,normalized,300,
KCNH2,P334L,P334L,P334L,normalized,301,
KCNH2,P347S,P347S,P347S,normalized,302,
KCNH2,P426H,P426H,P426H,normalized,303,
KCNH2,P507L,P507L,P507L,normalized,304,
KCNH2,P605L,P605L,P605L,normalized,305,
KCNH2,P632S,P632S,P632S,normalized,306,
KCNH2,P72Q,P72Q,P72Q,normalized,307,
KCNH2,P72S,P72S,P72S,normalized,308,
KCNH2,P846T,P846T,P846T,normalized,309,
KCNH2,P923L,P923L,P923L,normalized,310,
KCNH2,P926fsX,P926fsX,P926fsX,normalized,311,
KCNH2,P946R,P946R,P946R,normalized,312,
KCNH2,P961fsX,P961fsX,P961fsX,normalized,313,
KCNH2,P964fsX,P964fsX,P964fsX,normalized,314,
KCNH2,P967fsX,P967fsX,P967fsX,normalized,315,
KCNH2,Q335X,Q335X,Q335X,normalized,316,
KCNH2,Q391X,Q391X,Q391X,normalized,317,
KCNH2,Q592fsX,Q592fsX,Q592fsX,normalized,318,
KCNH2,Q664X,Q664X,Q664X,normalized,319,
KCNH2,Q676X,Q676X,Q676X,normalized,320,
KCNH2,Q738X,Q738X,Q738X,normalized,321,
KCNH2,Q81H,Q81H,Q81H,normalized,322,
KCNH2,Q81P,Q81P,Q81P,normalized,323,
KCNH2,R100G,R100G,R100G,normalized,324,
KCNH2,R1014X,R1014X,R1014X,normalized,325,
KCNH2,R1032fsX,R1032fsX,R1032fsX,normalized,326,
KCNH2,R1032fsX,R1032fsX,R1032fsX,normalized,327,
KCNH2,R1032fsX,R1032fsX,R1032fsX,normalized,328,
KCNH2,R1035fs×1057,R1035FS×1057,,unmatched,329,
KCNH2,R1035fsX,R1035fsX,R1035fsX,normalized,330,
KCNH2,R1035fsX,R1035fsX,R1035fsX,normalized,331,
KCNH2,R1035fsX,R1035fsX,R1035fsX,normalized,332,
KCNH2,R1035fsX,R1035fsX,R1035fsX,normalized,333,
KCNH2,R15W,R15W,,unmatched,334,
KCNH2,R176fsX,R176fsX,R176fsX,normalized,335,
KCNH2,R176W,R176W,R176W,normalized,336,
KCNH2,R20G,R20G,R20G,normalized,337,
KCNH2,R20L,R20L,R20L,normalized,338,
KCNH2,R242fsX,R242fsX,R242fsX,normalized,339,
KCNH2,R242fsX,R242fsX,R242fsX,normalized,340,
KCNH2,R243H,R243H,,unmatched,341,
KCNH2,R27P,R27P,R27P,normalized,342,
KCNH2,R312Del,R312del,R312Del,normalized,343,
KCNH2,R312C,R312C,R312C,normalized,344,
KCNH2,R312Del,R312del,R312Del,normalized,345,
KCNH2,R328C,R328C,R328C ,normalized,346,
KCNH2,R366X,R366X,R366X,normalized,347,
KCNH2,R397fsX,R397fsX,R397fsX,normalized,348,
KCNH2,R397fsX,R397fsX,R397fsX,normalized,349,
KCNH2,R397fsX,R397fsX,R397fsX,normalized,350,
KCNH2,R397fsX,R397fsX,R397fsX,normalized,351,
KCNH2,R397fsX,R397fsX,R397fsX,normalized,352,
KCNH2,R397fsX,R397fsX,R397fsX,normalized,353,
KCNH2,R472fsX,R472fsX,R472fsX,normalized,354,
KCNH2,R528W,R528W,R528W,normalized,355,
KCNH2,R534C,R534C,R534C,normalized,356,
KCNH2,R582C,R582C,R582C,normalized,357,
KCNH2,R582L,R582L,R582L,normalized,358,
KCNH2,R685P,R685P,R685p,normalized,359,
KCNH2,R744X,R744X,R744X,normalized,360,
KCNH2,R752W,R752W,R752W,normalized,361,
KCNH2,R744X,R744X,R744X,normalized,362,
KCNH2,R823W,R823W,R823W,normalized,363,
KCNH2,R863X,R863X,R863X,normalized,364,
KCNH2,R894fsX,R894fsX,R894fsX,normalized,365,
KCNH2,R912fsX,R912fsX,R912fsX,normalized,366,
KCNH2,R912fsX,R912fsX,R912fsX,normalized,367,
KCNH2,T983fsX,T983fsX,T983fsX,normalized,368,
KCNH2,S239fsX,S239fsX,S239fsX,normalized,369,
KCNH2,S243fsX,S243fsX,S243fsX,normalized,370,
KCNH2,S320L,S320L,S320L,normalized,371,
KCNH2,S428L,S428L,S428L,normalized,372,
KCNH2,S55L,S55L,S55L,normalized,373,
KCNH2,S606P,S606P,S606P,normalized,374,
KCNH2,S631F,S631F,S631F,normalized,375,
KCNH2,S641F,S641F,S641F,normalized,376,
KCNH2,S641P,S641P,S641P,normalized,377,
KCNH2,S706F,S706F,S706F,normalized,378,
KCNH2,S818L,S818L,S818L,normalized,379,
KCNH2,S871fsX,S871fsX,S871fsX,normalized,380,
KCNH2,splicing error,SPLICING ERROR,,unmatched,381,
KCNH2,T152fsX,T152fsX,T152fsX,normalized,382,
KCNH2,T152I,T152I,T152I,normalized,383,
KCNH2,T162fsX,T162fsX,T162fsX,normalized,384,
KCNH2,T319T,T319T,,unmatched,385,
KCNH2,T474I,T474I,T474I,normalized,386,
KCNH2,T613M,T613M,T613M,normalized,387,
KCNH2,T618S,T618S,T618S,normalized,388,
KCNH2,T623I,T623I,T623I,normalized,389,
KCNH2,T634S,T634S,T634S,normalized,390,
KCNH2,T65P,T65P,T65P,normalized,391,
KCNH2,T826A,T826A,T826A,normalized,392,
KCNH2,T826I,T826I,T826I,normalized,393,
KCNH2,T875fsX,T875fsX,T875fsX,normalized,394,
KCNH2,T895M,T895M,T895M,normalized,395,
KCNH2,T899fsX,T899fsX,T899fsX,normalized,396,
KCNH2,V115M,V115M,V115M,normalized,397,
KCNH2,V41A,V41A,V41A,normalized,398,
KCNH2,V644F,V644F,V644F,normalized,399,
KCNH2,V796Del,V796del,V796Del,normalized,400,
KCNH2,V94A,V94A,V94A,normalized,401,
KCNH2,W1001fsX,W1001fsX,W1001fsX,normalized,402,
KCNH2,W398X,W398X,W398X,normalized,403,
KCNH2,W497X,W497X,W497X,normalized,404,
KCNH2,W563C,W563C,W563C,normalized,405,
KCNH2,W563G,W563G,W563G,normalized,406,
KCNH2,W853fsX,W853fsX,W853fsX,normalized,407,
KCNH2,W853fsX,W853fsX,W853fsX,normalized,408,
KCNH2,W927X,W927X,W927X,normalized,409,
KCNH2,Y1009X,Y1009X,Y1009X,normalized,410,
KCNH2,Y427C,Y427C,Y427C,normalized,411,
KCNH2,Y43D,Y43D,Y43D,normalized,412,
KCNH2,Y493C,Y493C,Y493C,normalized,413,
KCNH2,Y569fsX,Y569fsX,Y569fsX,normalized,414,
KCNH2,Y597C,Y597C,Y597C,normalized,415,
KCNH2,Y611D,Y611D,Y611D,normalized,416,
KCNH2,Y616S,Y616S,Y616S,normalized,417,
KCNH2,A561T,A561T,A561T,normalized,418,14642689
KCNH2,A614V,A614V,A614V,normalized,419,14642690
KCNH2,N470D,N470D,N470D,normalized,420,14642687
KCNH2,R1014X,R1014X,R1014X,normalized,421,14642691
KCNH2,G572S,G572S,G572S,normalized,422,21308345
KCNH2,T1083fsX,T1083fsX,T1083fsX,normalized,423,26022375
KCNH2,L552S,L552S,L552S,normalized,424,26063740
KCNH2,V1038fsX,V1038fsX,V1038fsX,normalized,425,24103226
KCNH2,G47D,G47D,G47D,normalized,426,23631430
KCNH2,G53R,G53R,G53R,normalized,427,24103226
KCNH2,G604S,G604S,G604S,normalized,428,24103226
KCNH2,G71E,G71E,G71E,normalized,429,23631430
KCNH2,G873fsX,G873fsX,G873fsX,normalized,430,26496715
KCNH2,A8V,A8V,,unmatched,431,18776039
KCNH2,P1086fsX,P1086fsX,P1086fsX,normalized,432,21483829
KCNH2,A490P,A490P,A490P,normalized,433,17560885
KCNH2,A80P,A80P,A80P,normalized,434,21496174
KCNH2,7q34q36.2Del,7Q34Q36.2DEL,,unmatched,435,16470702
KCNH2,7q36.1q36.2Del,7Q36.1Q36.2DEL,,unmatched,436,18348270
KCNH2,H703fsX,H703fsX,H703fsX,normalized,437,23631430
KCNH2,c.2592+1G->A,c.2592+1G->A,,unmatched,438,10086972
KCNH2,G189Ins,G189ins,G189Ins,normalized,439,18452873
KCNH2,G601S,G601S,G601S,normalized,440,19169982
KCNH2,I571V,I571V,I571V,normalized,441,24103226
KCNH2,A913V,A913V,A913V,normalized,442,23936059
KCNH2,R1047L,R1047L,R1047L,normalized,443,23936059
KCNH2,A172V,A172V,A172V,normalized,444,24667783
KCNH2,E807X,E807X,E807X,normalized,445,24667783
KCNH2,G238R,G238R,G238R,normalized,446,24667783
KCNH2,G880V,G880V,G880V,normalized,447,24667783
KCNH2,L343fsX,L343fsX,L343fsX,normalized,448,24667783
KCNH2,R356H,R356H,R356H,normalized,449,24667783
KCNH2,S855R,S855R,S855R,normalized,450,24667783
KCNH2,S890C,S890C,S890C,normalized,451,24667783
KCNH2,W705fsX,W705fsX,W705fsX,normalized,452,24667783
KCNH2,N588K,N588K,N588K,normalized,453,14676148
KCNH2,IVS9-28A/G,IVS9-28A>G,,unmatched,454,19187913
KCNH2,A561V,A561V,A561V,normalized,455,24623279
KCNH2,T983I,T983I,T983I,normalized,456,29957233
KCNH2,N588K,N588K,N588K,normalized,457,29574456
KCNH2,R752W,R752W,R752W,normalized,458,29431731
KCNH2,D609G,D609G,D609G,normalized,459,30844837
KCNH2,c.1945+6T>C,c.1945+6T>C,,unmatched,460,
KCNH2,c.1946-1G>A,c.1946-1G>A,,unmatched,461,
KCNH2,c.2399-28A>G,c.2399-28A>G,,unmatched,462,
KCNH2,c.2400-3480Del,c.2400-3480Del,,unmatched,463,
KCNH2,c.472+1G>C,c.472+1G>C,,unmatched,464,
KCNH2,A1116V,A1116V,A1116V,normalized,465,
KCNH2,A190T,A190T,A190T,normalized,466,
KCNH2,A228fsX,A228fsX,A228fsX,normalized,467,
KCNH2,A268fsX,A268fsX,A268fsX,normalized,468,
KCNH2,A490P,A490P,A490P,normalized,469,
KCNH2,A490T,A490T,A490T,normalized,470,
KCNH2,A561V,A561V,A561V,normalized,471,
KCNH2,A614T,A614T,A614T,normalized,472,
KCNH2,A614V,A614V,A614V,normalized,473,
KCNH2,A746fsX,A746fsX,A746fsX,normalized,474,
KCNH2,A78P,A78P,A78P,normalized,475,
KCNH2,A79Del,A79del,A79Del,normalized,476,
KCNH2,A79S,A79S,A79S,normalized,477,
KCNH2,A913V,A913V,A913V,normalized,478,
KCNH2,C64R,C64R,C64R,normalized,479,
KCNH2,D102V,D102V,D102V,normalized,480,
KCNH2,D323E,D323E,D323E,normalized,481,
KCNH2,D342fsX,D342fsX,D342fsX,normalized,482,
KCNH2,D501Y,D501Y,D501Y,normalized,483,
KCNH2,D767fsX,D767fsX,D767fsX,normalized,484,
KCNH2,D803X,D803X,D803X,normalized,485,
KCNH2,E274fsX,E274fsX,E274fsX,normalized,486,
KCNH2,E50X,E50X,E50X,normalized,487,
KCNH2,E58D,E58D,E58D,normalized,488,
KCNH2,E978X,E978X,E978X,normalized,489,
KCNH2,F22Y,F22Y,F22Y,normalized,490,
KCNH2,F29S,F29S,F29S,normalized,491,
KCNH2,F29V,F29V,F29V,normalized,492,
KCNH2,F617L,F617L,F617L,normalized,493,
KCNH2,F805S,F805S,F805S,normalized,494,
KCNH2,G1085fsX,G1085fsX,G1085fsX,normalized,495,
KCNH2,G262fsX,G262fsX,G262fsX,normalized,496,
KCNH2,G601S,G601S,G601S,normalized,497,
KCNH2,G604S,G604S,G604S,normalized,498,
KCNH2,G626A,G626A,G626A,normalized,499,
KCNH2,G628S,G628S,G628S,normalized,500,
KCNH2,G71E,G71E,G71E,normalized,501,
KCNH2,G71W,G71W,G71W,normalized,502,
KCNH2,G806R,G806R,G806R,normalized,503,
KCNH2,G873fsX,G873fsX,G873fsX,normalized,504,
KCNH2,G873fsX,G873fsX,G873fsX,normalized,505,
KCNH2,G903R,G903R,G903R,normalized,506,
KCNH2,I567T,I567T,I567T,normalized,507,
KCNH2,I583V,I583V,I583V,normalized,508,
KCNH2,K638Del,K638del,K638Del,normalized,509,
KCNH2,K638R,K638R,K638R,normalized,510,
KCNH2,L1045F,L1045F,L1045F,normalized,511,
KCNH2,L109fsX,L109fsX,L109fsX,normalized,512,
KCNH2,L170dup,L170dup,L170dup,normalized,513,
KCNH2,L380fsX,L380fsX,L380fsX,normalized,514,
KCNH2,L586M,L586M,L586M,normalized,515,
KCNH2,L589P,L589P,L589P,normalized,516,
KCNH2,L693fsX,L693fsX,L693fsX,normalized,517,
KCNH2,L776P,L776P,L776P,normalized,518,
KCNH2,L838R,L838R,L838R,normalized,519,
KCNH2,L862P,L862P,L862P,normalized,520,
KCNH2,L987fsX,L987fsX,L987fsX,normalized,521,
KCNH2,N629S,N629S,N629S,normalized,522,
KCNH2,N633S,N633S,N633S,normalized,523,
KCNH2,N861H,N861H,N861H,normalized,524,
KCNH2,P1030fsX,P1030fsX,P1030fsX,normalized,525,
KCNH2,P1034fsX,P1034fsX,P1034fsX,normalized,526,
KCNH2,P1084L,P1084L,P1084L,normalized,527,
KCNH2,P347S,P347S,P347S,normalized,528,
KCNH2,P632A,P632A,P632A,normalized,529,
KCNH2,P72R,P72R,P72R,normalized,530,
KCNH2,P910L,P910L,P910L,normalized,531,
KCNH2,P917L,P917L,P917L,normalized,532,
KCNH2,P926fsX,P926fsX,P926fsX,normalized,533,
KCNH2,P926fsX,P926fsX,P926fsX,normalized,534,
KCNH2,P986T,P986T,P986T,normalized,535,
KCNH2,Q1068R,Q1068R,Q1068R,normalized,536,
KCNH2,Q376R,Q376R,Q376R,normalized,537,
KCNH2,R100P,R100P,R100P,normalized,538,
KCNH2,R1014fsX,R1014fsX,R1014fsX,normalized,539,
KCNH2,R1014X,R1014X,R1014X,normalized,540,
KCNH2,R1032fsX,R1032fsX,R1032fsX,normalized,541,
KCNH2,R1032P,R1032P,R1032P,normalized,542,
KCNH2,R1033fsX,R1033fsX,R1033fsX,normalized,543,
KCNH2,R1035fsX,R1035fsX,R1035fsX,normalized,544,
KCNH2,R1035fsX,R1035fsX,R1035fsX,normalized,545,
KCNH2,R1047C,R1047C,R1047C,normalized,546,
KCNH2,R148W,R148W,R148W,normalized,547,
KCNH2,R176W,R176W,R176W,normalized,548,
KCNH2,R273Q,R273Q,R273Q,normalized,549,
KCNH2,R366X,R366X,R366X,normalized,550,
KCNH2,R528W,R528W,R528W,normalized,551,
KCNH2,R534C,R534C,R534C,normalized,552,
KCNH2,R734H,R734H,R734H,normalized,553,
KCNH2,R73G,R73G,R73G,normalized,554,
KCNH2,R744X,R744X,R744X,normalized,555,
KCNH2,R752W,R752W,R752W,normalized,556,
KCNH2,R77S,R77S,R77S,normalized,557,
KCNH2,R791W,R791W,R791W,normalized,558,
KCNH2,R823W,R823W,R823W,normalized,559,
KCNH2,R863P,R863P,R863P,normalized,560,
KCNH2,R863X,R863X,R863X,normalized,561,
KCNH2,R894fsX,R894fsX,R894fsX,normalized,562,
KCNH2,R922W,R922W,R922W,normalized,563,
KCNH2,S261fsX,S261fsX,S261fsX,normalized,564,
KCNH2,S331N,S331N,S331N,normalized,565,
KCNH2,S351L,S351L,S351L,normalized,566,
KCNH2,S428fsX,S428fsX,S428fsX,normalized,567,
KCNH2,S428X,S428X,S428X,normalized,568,
KCNH2,S641F,S641F,S641F,normalized,569,
KCNH2,S660L,S660L,S660L,normalized,570,
KCNH2,S818L,S818L,S818L,normalized,571,
KCNH2,T152fsX,T152fsX,T152fsX,normalized,572,
KCNH2,T152fsX,T152fsX,T152fsX,normalized,573,
KCNH2,T436M,T436M,T436M,normalized,574,
KCNH2,T613M,T613M,T613M,normalized,575,
KCNH2,T634I,T634I,T634I,normalized,576,
KCNH2,T875M,T875M,T875M,normalized,577,
KCNH2,T875fsX,T875fsX,T875fsX,normalized,578,
KCNH2,V113Del,V113del,V113Del,normalized,579,
KCNH2,V194M,V194M,V194M,normalized,580,
KCNH2,V36fsX,V36fsX,V36fsX,normalized,581,
KCNH2,V482A,V482A,V482A,normalized,582,
KCNH2,V535M,V535M,V535M,normalized,583,
KCNH2,V612A,V612A,V612A,normalized,584,
KCNH2,V644F,V644F,V644F,normalized,585,
KCNH2,V841L,V841L,V841L,normalized,586,
KCNH2,V94L,V94L,V94L,normalized,587,
KCNH2,W1001X,W1001X,W1001X,normalized,588,
KCNH2,W410X,W410X,W410X,normalized,589,
KCNH2,W412X,W412X,W412X,normalized,590,
KCNH2,W497L,W497L,W497L,normalized,591,
KCNH2,W568C,W568C,W568C,normalized,592,
KCNH2,W927X,W927X,W927X,normalized,593,
KCNH2,Y43C,Y43C,Y43C,normalized,594,
KCNH2,Y447X,Y447X,Y447X,normalized,595,
KCNH2,Y493C,Y493C,Y493C,normalized,596,
KCNH2,Y493dup,Y493dup,Y493dup,normalized,597,
KCNH2,Y54N,Y54N,Y54N,normalized,598,
KCNH2,Y54fsX,Y54fsX,Y54fsX,normalized,599,
KCNH2,Y99N,Y99N,Y99N,normalized,600,
KCNH2,IVS9+5g>t,IVS9+5G>T,,unmatched,601,24103226
KCNH2,S55L,S55L,S55L,normalized,602,29330128
KCNH2,L1064fsX,L1064fsX,L1064fsX,normalized,603,24218437
KCNH2,L987fsX,L987fsX,L987fsX,normalized,604,26496715
KCNH2,R954C,R954C,R954C,normalized,605,17210839
KCNH2,K897T,K897T,K897T,normalized,606,17210839
KCNH2,G628S,G628S,G628S,normalized,607,7889573
KCNH2,K801T,K801T,K801T,normalized,608,30481776
KCNH2,R176W,R176W,R176W,normalized,609,16818214
KCNH2,A558P,A558P,A558P,normalized,610,20390067
KCNH2,T613M,T613M,T613M,normalized,611,16379539
KCNH2,P926fsX,P926fsX,P926fsX,normalized,612,21419236
KCNH2,A561T,A561T,A561T,normalized,613,20197117
KCNH2,G572S,G572S,G572S,normalized,614,20197117
KCNH2,T613M,T613M,T613M,normalized,615,20197117
KCNH2,P923fsX,P923fsX,P923fsX,normalized,616,16155735
KCNH2,E876X,E876X,E876X,normalized,617,29214556
KCNH2,A561T,A561T,A561T,normalized,618,11854117
KCNH2,A561V,A561V,A561V,normalized,619,11854117
KCNH2,A614V,A614V,A614V,normalized,620,11854117
KCNH2,A78P,A78P,A78P,normalized,621,11854117
KCNH2,A83fsX,A83fsX,A83fsX,normalized,622,11854117
KCNH2,C44X,C44X,C44X,normalized,623,11854117
KCNH2,C66G,C66G,C66G,normalized,624,11854117
KCNH2,D609N,D609N,D609N,normalized,625,11854117
KCNH2,F29L,F29L,F29L,normalized,626,11854117
KCNH2,F627L,F627L,F627L,normalized,627,11854117
KCNH2,F805C,F805C,F805C,normalized,628,11854117
KCNH2,G47V,G47V,G47V,normalized,629,11854117
KCNH2,G604S,G604S,G604S,normalized,630,11854117
KCNH2,G628S,G628S,G628S,normalized,631,11854117
KCNH2,G925fsX,G925fsX,G925fsX,normalized,632,11854117
KCNH2,H70R,H70R,H70R,normalized,633,11854117
KCNH2,I593X,I593X,I593X,normalized,634,11854117
KCNH2,K638E,K638E,K638E,normalized,635,11854117
KCNH2,L552S,L552S,L552S,normalized,636,11854117
KCNH2,L799sp,L799SP,L799sp,normalized,637,11854117
KCNH2,L86R,L86R,L86R,normalized,638,11854117
KCNH2,M124R,M124R,M124R,normalized,639,11854117
KCNH2,N33T,N33T,N33T,normalized,640,11854117
KCNH2,N629S,N629S,N629S,normalized,641,11854117
KCNH2,N861I,N861I,N861I,normalized,642,11854117
KCNH2,P596L,P596L,P596L,normalized,643,11854117
KCNH2,P72Q,P72Q,P72Q,normalized,644,11854117
KCNH2,P917L,P917L,P917L,normalized,645,11854117
KCNH2,P968fsX,P968fsX,P968fsX,normalized,646,11854117
KCNH2,Q376sp,Q376SP,Q376sp,normalized,647,11854117
KCNH2,R56Q,R56Q,R56Q,normalized,648,11854117
KCNH2,R744X,R744X,R744X,normalized,649,11854117
KCNH2,R752W,R752W,R752W,normalized,650,11854117
KCNH2,R823W,R823W,R823W,normalized,651,11854117
KCNH2,R920fsX,R920fsX,R920fsX,normalized,652,11854117
KCNH2,S26I,S26I,S26I,normalized,653,11854117
KCNH2,S428L,S428L,S428L,normalized,654,11854117
KCNH2,S428X,S428X,S428X,normalized,655,11854117
KCNH2,T436M,T436M,T436M,normalized,656,11854117
KCNH2,T613M,T613M,T613M,normalized,657,11854117
KCNH2,V295fsX,V295fsX,V295fsX,normalized,658,11854117
KCNH2,V630A,V630A,V630A,normalized,659,11854117
KCNH2,V822M,V822M,V822M,normalized,660,11854117
KCNH2,W1001X,W1001X,W1001X,normalized,661,11854117
KCNH2,G572C,G572C,G572C,normalized,662,14642687
KCNH2,G628S,G628S,G628S,normalized,663,19996378
KCNH2,E229X,E229X,E229X,normalized,664,16818214
KCNH2,H302fsX,H302fsX,H302fsX,normalized,665,24057343
KCNH2,H492Y,H492Y,H492Y,normalized,666,24057343
KCNH2,R176W,R176W,R176W,normalized,667,19160088
KCNH2,P191fsX,P191fsX,P191fsX,normalized,668,26496715
KCNH2,T443fsX,T443fsX,T443fsX,normalized,669,26496715
KCNH2,T443fsX,T443fsX,T443fsX,normalized,670,26496715
KCNH2,E177X,E177X,E177X,normalized,671,23351921
KCNH2,A422T,A422T,A422T,normalized,672,
KCNH2,A561T,A561T,A561T,normalized,673,
KCNH2,A561V,A561V,A561V,normalized,674,
KCNH2,A915X,A915X,A915X,normalized,675,
KCNH2,c.1129-1556,c.1129-1556,,unmatched,676,
KCNH2,c.1129-1G>C,c.1129-1G>C,,unmatched,677,
KCNH2,c.1946?-c.3330?,c.1946?-c.3330?,,unmatched,678,
KCNH2,c.2146-2A>G,c.2146-2A>G,,unmatched,679,
KCNH2,c.2592+1G>A,c.2592+1G>A,,unmatched,680,
KCNH2,c.2959C>T,c.2959C>T,,unmatched,681,
KCNH2,c.473-1G>T,c.473-1G>T,,unmatched,682,
KCNH2,c.473-2A>T,c.473-2A>T,,unmatched,683,
KCNH2,C44F,C44F,C44F,normalized,684,
KCNH2,C49R,C49R,C49R,normalized,685,
KCNH2,C566S,C566S,C566S,normalized,686,
KCNH2,C66Y,C66Y,C66Y,normalized,687,
KCNH2,D102X,D102X,D102X,normalized,688,
KCNH2,D1037X,D1037X,D1037X,normalized,689,
KCNH2,D259X,D259X,D259X,normalized,690,
KCNH2,D286X,D286X,D286X,normalized,691,
KCNH2,D501N,D501N,D501N,normalized,692,
KCNH2,D609N,D609N,D609N,normalized,693,
KCNH2,D837N,D837N,D837N,normalized,694,
KCNH2,E134X,E134X,E134X,normalized,695,
KCNH2,E214X,E214X,E214X,normalized,696,
KCNH2,E435X,E435X,E435X,normalized,697,
KCNH2,E58K,E58K,E58K,normalized,698,
KCNH2,E857X,E857X,E857X,normalized,699,
KCNH2,E900X,E900X,E900X,normalized,700,
KCNH2,F129C,F129C,F129C,normalized,701,
KCNH2,F463L,F463L,F463L,normalized,702,
KCNH2,G572S,G572S,G572S,normalized,703,
KCNH2,G584S,G584S,G584S,normalized,704,
KCNH2,G601S,G601S,G601S,normalized,705,
KCNH2,G604S,G604S,G604S,normalized,706,
KCNH2,G626S,G626S,G626S,normalized,707,
KCNH2,G628S,G628S,G628S,normalized,708,
KCNH2,G648A,G648A,G648A,normalized,709,
KCNH2,G669X,G669X,G669X,normalized,710,
KCNH2,G806R,G806R,G806R,normalized,711,
KCNH2,G965X,G965X,G965X,normalized,712,
KCNH2,G969X,G969X,G969X,normalized,713,
KCNH2,H1151X,H1151X,H1151X,normalized,714,
KCNH2,H1153P,H1153P,H1153P,normalized,715,
KCNH2,H402R,H402R,H402R,normalized,716,
KCNH2,H771R,H771R,H771R,normalized,717,
KCNH2,I19F,I19F,I19F,normalized,718,
KCNH2,I639F,I639F,I639F,normalized,719,
KCNH2,I464X,I464X,I464X,normalized,720,
KCNH2,I593T,I593T,I593T,normalized,721,
KCNH2,I642V,I642V,I642V,normalized,722,
KCNH2,I96T,I96T,I96T,normalized,723,
KCNH2,K638D,K638D,K638D,normalized,724,
KCNH2,K93X,K93X,K93X,normalized,725,
KCNH2,K98R,K98R,,unmatched,726,
KCNH2,L553V,L553V,L553V,normalized,727,
KCNH2,L602X,L602X,L602X,normalized,728,
KCNH2,L622F,L622F,L622F,normalized,729,
KCNH2,L717P,L717P,L717P,normalized,730,
KCNH2,L776P,L776P,L776P,normalized,731,
KCNH2,M124R,M124R,M124R,normalized,732,
KCNH2,M124T,M124T,M124T,normalized,733,
KCNH2,M1T,M1T,,unmatched,734,
KCNH2,M462Ins,M462ins,M462Ins,normalized,735,
KCNH2,M645I,M645I,M645I,normalized,736,
KCNH2,M645V,M645V,M645V,normalized,737,
KCNH2,N45K,N45K,N45K,normalized,738,
KCNH2,N633S,N633S,N633S,normalized,739,
KCNH2,P1084X,P1084X,P1084X,normalized,740,
KCNH2,P114S,P114S,P114S,normalized,741,
KCNH2,P157X,P157X,P157X,normalized,742,
KCNH2,P297S,P297S,P297S,normalized,743,
KCNH2,P334L,P334L,P334L,normalized,744,
KCNH2,P347S,P347S,P347S,normalized,745,
KCNH2,P386X,P386X,P386X,normalized,746,
KCNH2,P507S,P507S,P507S,normalized,747,
KCNH2,P596S,P596S,P596S,normalized,748,
KCNH2,P596T,P596T,P596T,normalized,749,
KCNH2,P605L,P605L,P605L,normalized,750,
KCNH2,P721L,P721L,P721L,normalized,751,
KCNH2,P923X,P923X,P923X,normalized,752,
KCNH2,P926X,P926X,P926X,normalized,753,
KCNH2,P917L,P917L,P917L,normalized,754,
KCNH2,Q1068X,Q1068X,Q1068X,normalized,755,
KCNH2,Q11H,Q11H,Q11H,normalized,756,
KCNH2,Q664X,Q664X,Q664X,normalized,757,
KCNH2,Q75X,Q75X,Q75X,normalized,758,
KCNH2,R100G,R100G,R100G,normalized,759,
KCNH2,R1014X,R1014X,R1014X,normalized,760,
KCNH2,R1032X,R1032X,R1032X,normalized,761,
KCNH2,R1033X,R1033X,R1033X,normalized,762,
KCNH2,R1035X,R1035X,R1035X,normalized,763,
KCNH2,R148W,R148W,R148W,normalized,764,
KCNH2,R148Y,R148Y,R148Y,normalized,765,
KCNH2,R151X,R151X,,unmatched,766,
KCNH2,R176W,R176W,R176W,normalized,767,
KCNH2,R27X,R27X,R27X,normalized,768,
KCNH2,R281X,R281X,R281X,normalized,769,
KCNH2,R328C,R328C,R328C ,normalized,770,
KCNH2,R366X,R366X,R366X,normalized,771,
KCNH2,R531W,R531W,R531W,normalized,772,
KCNH2,R534C,R534C,R534C,normalized,773,
KCNH2,R582C,R582C,R582C,normalized,774,
KCNH2,R582L,R582L,R582L,normalized,775,
KCNH2,R582P,R582P,R582P,normalized,776,
KCNH2,R744P,R744P,R744P,normalized,777,
KCNH2,R823Q,R823Q,R823Q,normalized,778,
KCNH2,R823W,R823W,R823W,normalized,779,
KCNH2,R863X,R863X,R863X,normalized,780,
KCNH2,R883X,R883X,R883X,normalized,781,
KCNH2,R885X,R885X,R885X,normalized,782,
KCNH2,R893X,R893X,R893X,normalized,783,
KCNH2,S207X,S207X,S207X,normalized,784,
KCNH2,S239P,S239P,S239P,normalized,785,
KCNH2,S284X,S284X,S284X,normalized,786,
KCNH2,S351L,S351L,S351L,normalized,787,
KCNH2,S606Del,S606del,S606Del,normalized,788,
KCNH2,S606F,S606F,S606F,normalized,789,
KCNH2,S621N,S621N,S621N,normalized,790,
KCNH2,S660L,S660L,S660L,normalized,791,
KCNH2,S783P,S783P,S783P,normalized,792,
KCNH2,S818L,S818L,S818L,normalized,793,
KCNH2,S960N,S960N,S960N,normalized,794,
KCNH2,S981X,S981X,S981X,normalized,795,
KCNH2,T13N,T13N,T13N,normalized,796,
KCNH2,T152X,T152X,T152X,normalized,797,
KCNH2,T337X,T337X,T337X,normalized,798,
KCNH2,T613M,T613M,T613M,normalized,799,
KCNH2,T634A,T634A,T634A,normalized,800,
KCNH2,V1038X,V1038X,V1038X,normalized,801,
KCNH2,V822M,V822M,V822M,normalized,802,
KCNH2,W1001X,W1001X,W1001X,normalized,803,
KCNH2,W563X,W563X,W563X,normalized,804,
KCNH2,W568C,W568C,W568C,normalized,805,
KCNH2,W705X,W705X,W705X,normalized,806,
KCNH2,W927X,W927X,W927X,normalized,807,
KCNH2,Y475C,Y475C,Y475C,normalized,808,
KCNH2,Y493C,Y493C,Y493C,normalized,809,
KCNH2,Y493H,Y493H,Y493H,normalized,810,
KCNH2,Y597H,Y597H,Y597H,normalized,811,
KCNH2,F29L,F29L,F29L,normalized,812,26403377
KCNH2,A429P,A429P,A429P,normalized,813,19668779
KCNH2,G628S,G628S,G628S,normalized,814,23995044
KCNH2,T613L,T613L,T613L,normalized,815,23995044
KCNH2,c.2398+1G>C,c.2398+1G>C,,unmatched,816,18272172
KCNH2,N633D,N633D,N633D,normalized,817,18593567
KCNH2,A561V,A561V,A561V,normalized,818,24606995
KCNH2,A913V,A913V,A913V,normalized,819,24606995
KCNH2,F29L,F29L,F29L,normalized,820,24606995
KCNH2,G572R,G572R,G572R,normalized,821,24606995
KCNH2,G584S,G584S,G584S,normalized,822,24606995
KCNH2,I400N,I400N,I400N,normalized,823,24606995
KCNH2,I96T,I96T,I96T,normalized,824,24606995
KCNH2,K101E,K101E,K101E,normalized,825,24606995
KCNH2,N629S,N629S,N629S,normalized,826,24606995
KCNH2,N633S,N633S,N633S,normalized,827,24606995
KCNH2,R176W,R176W,R176W,normalized,828,24606995
KCNH2,R366X,R366X,R366X,normalized,829,24606995
KCNH2,S428L,S428L,S428L,normalized,830,24606995
KCNH2,S621N,S621N,S621N,normalized,831,24606995
KCNH2,T74M,T74M,T74M,normalized,832,24606995
KCNH2,P1034fsX,P1034fsX,P1034fsX,normalized,833,26496715
KCNH2,P1122R,P1122R,P1122R,normalized,834,23631430
KCNH2,P1132A,P1132A,P1132A,normalized,835,23631430
KCNH2,P926fsX,P926fsX,P926fsX,normalized,836,26496715
KCNH2,P946fsX,P946fsX,P946fsX,normalized,837,24103226
KCNH2,E1039X,E1039X,E1039X,normalized,838,29449639
KCNH2,D219V,D219V,D219V,normalized,839,25914329
KCNH2,A121fsX,A121fsX,A121fsX,normalized,840,31020140
KCNH2,G965fsX,G965fsX,G965fsX,normalized,841,29497013
KCNH2,K897T,K897T,K897T,normalized,842,20386770
KCNH2,P1075L,P1075L,P1075L,normalized,843,20386770
KCNH2,R273X,R273X,R273X,normalized,844,29622001
KCNH2,R894fsX,R894fsX,R894fsX,normalized,845,22382559
KCNH2,I31S,I31S,I31S,normalized,846,15851119
KCNH2,P910fsX,P910fsX,P910fsX,normalized,847,15851119
KCNH2,R1005fsX,R1005fsX,R1005fsX,normalized,848,15851119
KCNH2,R920fsX,R920fsX,R920fsX,normalized,849,15851119
KCNH2,Q1070X,Q1070X,Q1070X,normalized,850,19184172
KCNH2,R752W,R752W,R752W,normalized,851,11332568
KCNH2,R752W,R752W,R752W,normalized,852,11844290
KCNH2,R56Q,R56Q,R56Q,normalized,853,30533098
KCNH2,A193fsX,A193fsX,A193fsX,normalized,854,19038855
KCNH2,A558P,A558P,A558P,normalized,855,19038855
KCNH2,C64Y,C64Y,C64Y,normalized,856,19038855
KCNH2,D456Y,D456Y,D456Y,normalized,857,19038855
KCNH2,D501H,D501H,D501H,normalized,858,19038855
KCNH2,E698X,E698X,E698X,normalized,859,19038855
KCNH2,E876X,E876X,E876X,normalized,860,19038855
KCNH2,F640L,F640L,F640L,normalized,861,19038855
KCNH2,G1036fsX,G1036fsX,G1036fsX,normalized,862,19038855
KCNH2,G306W,G306W,G306W,normalized,863,19038855
KCNH2,G572S,G572S,G572S,normalized,864,19038855
KCNH2,G925fsX,G925fsX,G925fsX,normalized,865,19038855
KCNH2,I30T,I30T,I30T,normalized,866,19038855
KCNH2,I560fsX,I560fsX,I560fsX,normalized,867,19038855
KCNH2,I642Del,I642del,I642Del,normalized,868,19038855
KCNH2,M645L,M645L,M645L,normalized,869,19038855
KCNH2,N629I,N629I,N629I,normalized,870,19038855
KCNH2,P241L,P241L,P241L,normalized,871,19038855
KCNH2,P872fsX,P872fsX,P872fsX,normalized,872,19038855
KCNH2,Q676fsX,Q676fsX,Q676fsX,normalized,873,19038855
KCNH2,R176W,R176W,R176W,normalized,874,19038855
KCNH2,R252fsX,R252fsX,R252fsX,normalized,875,19038855
KCNH2,R366X,R366X,R366X,normalized,876,19038855
KCNH2,R534C,R534C,R534C,normalized,877,19038855
KCNH2,R582C,R582C,R582C,normalized,878,19038855
KCNH2,R73fsX,R73fsX,R73fsX,normalized,879,19038855
KCNH2,T613M,T613M,T613M,normalized,880,19038855
KCNH2,Y99S,Y99S,Y99S,normalized,881,19038855
KCNH2,S937N,S937N,S937N,normalized,882,23631430
KCNH2,S988fsX,S988fsX,S988fsX,normalized,883,23631430
KCNH2,R1014fsX,R1014fsX,R1014fsX,normalized,884,16923798
KCNH2,c.917-3T>C,c.917-3T>C,,unmatched,885,24217263
KCNH2,c.1557+1G>A,c.1557+1G>A,,unmatched,886,26496715
KCNH2,G262fsX,G262fsX,G262fsX,normalized,887,25935074
KCNH2,W563X,W563X,W563X,normalized,888,23098067
KCNH2,D1037fsX,D1037fsX,D1037fsX,normalized,889,23098067
KCNH2,S818L,S818L,S818L,normalized,890,23098067
KCNH2,I82dup,I82dup,I82dup,normalized,891,23098067
KCNH2,G53S,G53S,G53S,normalized,892,23098067
KCNH2,Y43C,Y43C,Y43C,normalized,893,23098067
KCNH2,L987fsX,L987fsX,L987fsX,normalized,894,23098067
KCNH2,R752W,R752W,R752W,normalized,895,23098067
KCNH2,G584S,G584S,G584S,normalized,896,23098067
KCNH2,L552S,L552S,L552S,normalized,897,23098067
KCNH2,R176W,R176W,R176W,normalized,898,23098067
KCNH2,T152fsX,T152fsX,T152fsX,normalized,899,23098067
KCNH2,R328C,R328C,R328C ,normalized,900,23098067
KCNH2,A558P,A558P,A558P,normalized,901,10220144
KCNH2,F640L,F640L,F640L,normalized,902,10220144
KCNH2,G604S,G604S,G604S,normalized,903,10220144
KCNH2,R582C,R582C,R582C,normalized,904,10220144
KCNH2,T613M,T613M,T613M,normalized,905,10220144
KCNH2,R35W,R35W,R35W,normalized,906,26066609
KCNH2,Q1068R,Q1068R,Q1068R,normalized,907,28049825
KCNH2,R148W,R148W,R148W,normalized,908,19322600
KCNH2,A78T,A78T,A78T,normalized,909,27761169
KCNH2,R148W,R148W,R148W,normalized,910,24334129
KCNH2,D540fsX,D540fsX,D540fsX,normalized,911,23134353
KCNH2,R744fsX,R744fsX,R744fsX,normalized,912,18593567
KCNH2,P923fsX,P923fsX,P923fsX,normalized,913,18593567
KCNH2,R148W,R148W,R148W,normalized,914,23631430
KCNH2,T474I,T474I,T474I,normalized,915,23631430
KCNH2,A614V,A614V,A614V,normalized,916,23864605
KCNH2,G601S,G601S,G601S,normalized,917,23864605
KCNH2,F805C,F805C,F805C,normalized,918,11844290
KCNH2,M124R,M124R,M124R,normalized,919,11844290
KCNH2,V822M,V822M,V822M,normalized,920,11844290
KCNH2,W1001X,W1001X,W1001X,normalized,921,11844290
KCNH2,P963T,P963T,P963T,normalized,922,29331839
KCNH2,W1001X,W1001X,W1001X,normalized,923,29622001
KCNH2,W497X,W497X,W497X,normalized,924,29622001
KCNH2,c.1945+6T>C,c.1945+6T>C,,unmatched,925,15364333
KCNH2,P926fsX,P926fsX,P926fsX,normalized,926,16922724
KCNH2,A1058E,A1058E,A1058E,normalized,927,14661677
KCNH2,A1116V,A1116V,A1116V,normalized,928,16116052
KCNH2,A169G,A169G,A169G,normalized,929,26496715
KCNH2,A190T,A190T,A190T,normalized,930,14661677
KCNH2,A190T,A190T,A190T,normalized,931,15913580
KCNH2,A190T,A190T,A190T,normalized,932,29752375
KCNH2,A193V,A193V,A193V,normalized,933,29622001
KCNH2,A203T,A203T,A203T,normalized,934,14661677
KCNH2,A32T,A32T,A32T,normalized,935,26496715
KCNH2,A422T,A422T,A422T,normalized,936,15242738
KCNH2,A422T,A422T,A422T,normalized,937,15840476
KCNH2,A490T,A490T,A490T,normalized,938,11170080
KCNH2,A490T,A490T,A490T,normalized,939,20975234
KCNH2,A558E,A558E,A558E,normalized,940,29622001
KCNH2,A558P,A558P,A558P,normalized,941,18551196
KCNH2,A561P,A561P,A561P,normalized,942,15280442
KCNH2,A561T,A561T,A561T,normalized,943,8877771
KCNH2,A561T,A561T,A561T,normalized,944,10973849
KCNH2,A561T,A561T,A561T,normalized,945,15120823
KCNH2,A561T,A561T,A561T,normalized,946,16379539
KCNH2,A561T,A561T,A561T,normalized,947,15840476
KCNH2,A561T,A561T,A561T,normalized,948,18808722
KCNH2,A561T,A561T,A561T,normalized,949,26496715
KCNH2,A561T,A561T,A561T,normalized,950,29622001
KCNH2,A561V,A561V,A561V,normalized,951,7889573
KCNH2,A561V,A561V,A561V,normalized,952,10973849
KCNH2,A561V,A561V,A561V,normalized,953,15840476
KCNH2,A561V,A561V,A561V,normalized,954,17595376
KCNH2,A561V,A561V,A561V,normalized,955,18593567
KCNH2,A561V,A561V,A561V,normalized,956,19996378
KCNH2,A561V,A561V,A561V,normalized,957,19352046
KCNH2,A561V,A561V,A561V,normalized,958,26496715
KCNH2,A561V,A561V,A561V,normalized,959,26847485
KCNH2,A561V,A561V,A561V,normalized,960,26823142
KCNH2,A561V,A561V,A561V,normalized,961,29622001
KCNH2,A561V,A561V,A561V,normalized,962,29650123
KCNH2,A561V,A561V,A561V,normalized,963,29020304
KCNH2,A561V,A561V,A561V,normalized,964,30246897
KCNH2,A561V,A561V,A561V,normalized,965,26063740
KCNH2,A614V,A614V,A614V,normalized,966,9544837
KCNH2,A614V,A614V,A614V,normalized,967,9693036
KCNH2,A614V,A614V,A614V,normalized,968,15090700
KCNH2,A614V,A614V,A614V,normalized,969,15840476
KCNH2,A614V,A614V,A614V,normalized,970,19070294
KCNH2,A614V,A614V,A614V,normalized,971,18808722
KCNH2,A614V,A614V,A614V,normalized,972,19996378
KCNH2,A614V,A614V,A614V,normalized,973,24218437
KCNH2,A614V,A614V,A614V,normalized,974,26496715
KCNH2,A614V,A614V,A614V,normalized,975,27555138
KCNH2,A614V,A614V,A614V,normalized,976,
KCNH2,A671Del,A671del,A671Del,normalized,977,15840476
KCNH2,A715sp,A715SP,A715sp,normalized,978,15840476
KCNH2,A78P,A78P,A78P,normalized,979,10973849
KCNH2,A78P,A78P,A78P,normalized,980,15840476
KCNH2,A79fsX,A79fsX,A79fsX,normalized,981,23098067
KCNH2,A83fsX,A83fsX,A83fsX,normalized,982,10973849
KCNH2,A85P,A85P,A85P,normalized,983,17876385
KCNH2,A85V,A85V,A85V,normalized,984,15840476
KCNH2,A913V,A913V,A913V,normalized,985,15840476
KCNH2,A913V,A913V,A913V,normalized,986,26746457
KCNH2,A913V,A913V,A913V,normalized,987,29622001
KCNH2,A915fsX,A915fsX,A915fsX,normalized,988,16922724
KCNH2,A915V,A915V,A915V,normalized,989,14661677
KCNH2,c.Exon9 IVS Del (?12??2),c.Exon9 IVS Del,,unmatched,990,15973763
KCNH2,C1117fsX,C1117fsX,C1117fsX,normalized,991,10086971
KCNH2,C39X,C39X,C39X,normalized,992,15176425
KCNH2,C39X,C39X,C39X,normalized,993,29622001
KCNH2,C44X,C44X,C44X,normalized,994,10973849
KCNH2,C49Y,C49Y,C49Y,normalized,995,29650123
KCNH2,C566G,C566G,C566G,normalized,996,21499742
KCNH2,C566R,C566R,C566R,normalized,997,30246897
KCNH2,C66G,C66G,C66G,normalized,998,10973849
KCNH2,C723R,C723R,C723R,normalized,999,14661677
KCNH2,D102H,D102H,D102H,normalized,1000,26496715
KCNH2,D1037fsX,D1037fsX,D1037fsX,normalized,1001,16922724
KCNH2,D111V,D111V,D111V,normalized,1002,20975234
KCNH2,D119H,D119H,D119H,normalized,1003,26746457
KCNH2,D287fsX,D287fsX,D287fsX,normalized,1004,23098067
KCNH2,D456Y,D456Y,D456Y,normalized,1005,15840476
KCNH2,D460fsX,D460fsX,D460fsX,normalized,1006,15176425
KCNH2,D46Y,D46Y,D46Y,normalized,1007,30244407
KCNH2,D501N,D501N,D501N,normalized,1008,12402336
KCNH2,D501N,D501N,D501N,normalized,1009,14998624
KCNH2,D501N,D501N,D501N,normalized,1010,19352046
KCNH2,D591N,D591N,D591N,normalized,1011,26746457
KCNH2,D609G,D609G,D609G,normalized,1012,15500450
KCNH2,D609G,D609G,D609G,normalized,1013,26496715
KCNH2,D609N,D609N,D609N,normalized,1014,10973849
KCNH2,D609N,D609N,D609N,normalized,1015,18808722
KCNH2,D774Y,D774Y,D774Y,normalized,1016,15840476
KCNH2,D774Y,D774Y,D774Y,normalized,1017,17905336
KCNH2,D774Y,D774Y,D774Y,normalized,1018,22429796
KCNH2,D803Y,D803Y,D803Y,normalized,1019,30244407
KCNH2,D837G,D837G,D837G,normalized,1020,15840476
KCNH2,D837Y,D837Y,D837Y,normalized,1021,26496715
KCNH2,D864sp,D864SP,D864sp,normalized,1022,10973849
KCNH2,D864sp,D864SP,D864sp,normalized,1023,15840476
KCNH2,Del(7)(q32qter),DEL(7),,unmatched,1024,19996378
KCNH2,E1053fsX,E1053fsX,E1053fsX,normalized,1025,15176425
KCNH2,E1053X,E1053X,E1053X,normalized,1026,15840476
KCNH2,E130K,E130K,E130K,normalized,1027,15090700
KCNH2,E229X,E229X,E229X,normalized,1028,15840476
KCNH2,E365G,E365G,E365G,normalized,1029,23098067
KCNH2,E444D,E444D,E444D,normalized,1030,12442276
KCNH2,E480V,E480V,E480V,normalized,1031,26496715
KCNH2,E544A,E544A,E544A,normalized,1032,26496715
KCNH2,E575K,E575K,E575K,normalized,1033,26496715
KCNH2,E637G,E637G,E637G,normalized,1034,21109023
KCNH2,E637K,E637K,E637K,normalized,1035,12062363
KCNH2,E637K,E637K,E637K,normalized,1036,12808265
KCNH2,E682X,E682X,E682X,normalized,1037,10973849
KCNH2,E682X,E682X,E682X,normalized,1038,14642688
KCNH2,E698X,E698X,E698X,normalized,1039,12402336
KCNH2,E698X,E698X,E698X,normalized,1040,19127321
KCNH2,E788D,E788D,E788D,normalized,1041,15840476
KCNH2,E788K,E788K,E788K,normalized,1042,19184172
KCNH2,E876X,E876X,E876X,normalized,1043,15840476
KCNH2,E90K,E90K,E90K,normalized,1044,29752375
KCNH2,ex6-14Del,EX6-14DEL,,unmatched,1045,18774102
KCNH2,ex9-14dup,EX9-14DUP,,unmatched,1046,18774102
KCNH2,exon1-14Del,EXON1-14DEL,,unmatched,1047,21185499
KCNH2,exon2dup,EXON2DUP,,unmatched,1048,23098067
KCNH2,exon4-14Del,EXON4-14DEL,,unmatched,1049,21185499
KCNH2,exon6-14Del,EXON6-14DEL,,unmatched,1050,20167303
KCNH2,exon9-10Del,EXON9-10DEL,,unmatched,1051,23098067
KCNH2,F22S,F22S,F22S,normalized,1052,24606995
KCNH2,F29L,F29L,F29L,normalized,1053,10973849
KCNH2,F29L,F29L,F29L,normalized,1054,15840476
KCNH2,F29L,F29L,F29L,normalized,1055,22882672
KCNH2,F463L,F463L,F463L,normalized,1056,19215240
KCNH2,F494Del,F494del,F494Del,normalized,1057,26496715
KCNH2,F617fsX,F617fsX,F617fsX,normalized,1058,29650123
KCNH2,F617V,F617V,F617V,normalized,1059,25987402
KCNH2,F617V,F617V,F617V,normalized,1060,30244407
KCNH2,F627fsX,F627fsX,F627fsX,normalized,1061,17905336
KCNH2,F627L,F627L,F627L,normalized,1062,10973849
KCNH2,F627L,F627L,F627L,normalized,1063,24217263
KCNH2,F640Del,F640del,F640Del,normalized,1064,26823142
KCNH2,F640V,F640V,F640V,normalized,1065,15840476
KCNH2,F656L,F656L,F656L,normalized,1066,30244407
KCNH2,F68L,F68L,F68L,normalized,1067,21063070
KCNH2,F805C,F805C,F805C,normalized,1068,10973849
KCNH2,F805C,F805C,F805C,normalized,1069,15840476
KCNH2,F805S,F805S,F805S,normalized,1070,10973849
KCNH2,F805S,F805S,F805S,normalized,1071,26496715
KCNH2,F991fsX,F991fsX,F991fsX,normalized,1072,27871843
KCNH2,G1006fsX,G1006fsX,G1006fsX,normalized,1073,12877697
KCNH2,G1031fsX,G1031fsX,G1031fsX,normalized,1074,10973849
KCNH2,G1031fsX,G1031fsX,G1031fsX,normalized,1075,17905336
KCNH2,G1036D,G1036D,G1036D,normalized,1076,15840476
KCNH2,G1036D,G1036D,G1036D,normalized,1077,18675227
KCNH2,G1036D,G1036D,G1036D,normalized,1078,29622001
KCNH2,G1036Del,G1036del,G1036Del,normalized,1079,28532774
KCNH2,G184Del,G184del,G184Del,normalized,1080,24606995
KCNH2,G183fsX,G183fsX,G183fsX,normalized,1081,19371231
KCNH2,G187Del,G187del,G187Del,normalized,1082,14661677
KCNH2,G187Del,G187del,G187Del,normalized,1083,21410720
KCNH2,G187S,G187S,G187S,normalized,1084,14661677
KCNH2,G189Ins,G189ins,G189Ins,normalized,1085,10790218
KCNH2,G192fsX,G192fsX,G192fsX,normalized,1086,12402336
KCNH2,G238S,G238S,G238S,normalized,1087,15840476
KCNH2,G294V,G294V,G294V,normalized,1088,15913580
KCNH2,G294V,G294V,G294V,normalized,1089,29752375
KCNH2,G306W,G306W,G306W,normalized,1090,15840476
KCNH2,G47V,G47V,G47V,normalized,1091,10973849
KCNH2,G487R,G487R,G487R,normalized,1092,22764740
KCNH2,G487S,G487S,G487S,normalized,1093,26746457
KCNH2,G53R,G53R,G53R,normalized,1094,10973849
KCNH2,G53R,G53R,G53R,normalized,1095,15840476
KCNH2,G572C,G572C,G572C,normalized,1096,9693036
KCNH2,G572R,G572R,G572R,normalized,1097,10735633
KCNH2,G572S,G572S,G572S,normalized,1098,15176425
KCNH2,G572S,G572S,G572S,normalized,1099,15840476
KCNH2,G572S,G572S,G572S,normalized,1100,17905336
KCNH2,G572S,G572S,G572S,normalized,1101,19996378
KCNH2,G572S,G572S,G572S,normalized,1102,19306396
KCNH2,G572S,G572S,G572S,normalized,1103,19490267
KCNH2,G572S,G572S,G572S,normalized,1104,21063070
KCNH2,G572S,G572S,G572S,normalized,1105,24217263
KCNH2,G572S,G572S,G572S,normalized,1106,26496715
KCNH2,G572S,G572S,G572S,normalized,1107,27871843
KCNH2,G572S,G572S,G572S,normalized,1108,28532774
KCNH2,G572S,G572S,G572S,normalized,1109,29622001
KCNH2,G572S,G572S,G572S,normalized,1110,29650123
KCNH2,G572S,G572S,G572S,normalized,1111,
KCNH2,G584R,G584R,G584R,normalized,1112,29497013
KCNH2,G584S,G584S,G584S,normalized,1113,10862094
KCNH2,G584S,G584S,G584S,normalized,1114,10973849
KCNH2,G584S,G584S,G584S,normalized,1115,15840476
KCNH2,G584S,G584S,G584S,normalized,1116,19490267
KCNH2,G584S,G584S,G584S,normalized,1117,29622001
KCNH2,G601S,G601S,G601S,normalized,1118,9452080
KCNH2,G601S,G601S,G601S,normalized,1119,10862094
KCNH2,G601S,G601S,G601S,normalized,1120,26496715
KCNH2,G601S,G601S,G601S,normalized,1121,29622001
KCNH2,G604C,G604C,G604C,normalized,1122,29037423
KCNH2,G604S,G604S,G604S,normalized,1123,10973849
KCNH2,G604S,G604S,G604S,normalized,1124,14998624
KCNH2,G604S,G604S,G604S,normalized,1125,15840476
KCNH2,G604S,G604S,G604S,normalized,1126,17171344
KCNH2,G604S,G604S,G604S,normalized,1127,22402334
KCNH2,G604S,G604S,G604S,normalized,1128,22821100
KCNH2,G604S,G604S,G604S,normalized,1129,26496715
KCNH2,G626S,G626S,G626S,normalized,1130,10973849
KCNH2,G626S,G626S,G626S,normalized,1131,26496715
KCNH2,G626V,G626V,G626V,normalized,1132,10862104
KCNH2,G628A,G628A,G628A,normalized,1133,19996378
KCNH2,G628A,G628A,G628A,normalized,1134,
KCNH2,G628D,G628D,G628D,normalized,1135,24112685
KCNH2,G628Del,G628del,G628Del,normalized,1136,30036649
KCNH2,G628S,G628S,G628S,normalized,1137,10973849
KCNH2,G628S,G628S,G628S,normalized,1138,14998624
KCNH2,G628S,G628S,G628S,normalized,1139,16379539
KCNH2,G628S,G628S,G628S,normalized,1140,15840476
KCNH2,G628S,G628S,G628S,normalized,1141,16922724
KCNH2,G628S,G628S,G628S,normalized,1142,24218437
KCNH2,G628S,G628S,G628S,normalized,1143,26496715
KCNH2,G628S,G628S,G628S,normalized,1144,27492745
KCNH2,G628S,G628S,G628S,normalized,1145,29650123
KCNH2,G628S,G628S,G628S,normalized,1146,
KCNH2,G628V,G628V,G628V,normalized,1147,15840476
KCNH2,G628V,G628V,G628V,normalized,1148,29497013
KCNH2,G71W,G71W,G71W,normalized,1149,26496715
KCNH2,G71W,G71W,G71W,normalized,1150,29497013
KCNH2,G745A,G745A,G745A,normalized,1151,26746457
KCNH2,G785D,G785D,G785D,normalized,1152,29146210
KCNH2,G816V,G816V,G816V,normalized,1153,21951015
KCNH2,G820R,G820R,G820R,normalized,1154,15840476
KCNH2,G873S,G873S,G873S,normalized,1155,14661677
KCNH2,G873S,G873S,G873S,normalized,1156,16043162
KCNH2,G911fsX,G911fsX,G911fsX,normalized,1157,29650123
KCNH2,G924W,G924W,G924W,normalized,1158,26746457
KCNH2,G925fsX,G925fsX,G925fsX,normalized,1159,10973849
KCNH2,G925R,G925R,G925R,normalized,1160,15840476
KCNH2,G925R,G925R,G925R,normalized,1161,22885918
KCNH2,G928fsX,G928fsX,G928fsX,normalized,1162,15840476
KCNH2,G965X,G965X,G965X,normalized,1163,16923798
KCNH2,H254Q,H254Q,H254Q,normalized,1164,14661677
KCNH2,H402R,H402R,H402R,normalized,1165,19136169
KCNH2,H402R,H402R,H402R,normalized,1166,29622001
KCNH2,H492Y,H492Y,H492Y,normalized,1167,12808265
KCNH2,H492Y,H492Y,H492Y,normalized,1168,27816319
KCNH2,H562P,H562P,H562P,normalized,1169,15242738
KCNH2,H562P,H562P,H562P,normalized,1170,15840476
KCNH2,H562R,H562R,H562R,normalized,1171,21499742
KCNH2,H562R,H562R,H562R,normalized,1172,25819988
KCNH2,H562R,H562R,H562R,normalized,1173,30929919
KCNH2,H674fsX,H674fsX,H674fsX,normalized,1174,18808722
KCNH2,H70R,H70R,H70R,normalized,1175,10973849
KCNH2,H70R,H70R,H70R,normalized,1176,15840476
KCNH2,H70R,H70R,H70R,normalized,1177,22885918
KCNH2,H739fsX,H739fsX,H739fsX,normalized,1178,10973849
KCNH2,H771fsX,H771fsX,H771fsX,normalized,1179,19371231
KCNH2,H771R,H771R,H771R,normalized,1180,23098067
KCNH2,I30Del,I30del,I30Del,normalized,1181,24606995
KCNH2,I31S,I31S,I31S,normalized,1182,15840476
KCNH2,I400N,I400N,I400N,normalized,1183,24021552
KCNH2,I414fsX,I414fsX,I414fsX,normalized,1184,23981618
KCNH2,I42N,I42N,I42N,normalized,1185,17905336
KCNH2,I500Del,I500del,I500Del,normalized,1186,7889573
KCNH2,I560T,I560T,I560T,normalized,1187,25974115
KCNH2,I571L,I571L,I571L,normalized,1188,15840476
KCNH2,I593R,I593R,I593R,normalized,1189,10973849
KCNH2,I593R,I593R,I593R,normalized,1190,16922724
KCNH2,I711V,I711V,I711V,normalized,1191,26746457
KCNH2,I782fsX,I782fsX,I782fsX,normalized,1192,19184172
KCNH2,I782N,I782N,I782N,normalized,1193,26496715
KCNH2,I798fsX,I798fsX,I798fsX,normalized,1194,10973849
KCNH2,I798fsX,I798fsX,I798fsX,normalized,1195,15840476
KCNH2,I82T,I82T,I82T,normalized,1196,23899126
KCNH2,I858T,I858T,I858T,normalized,1197,24606995
KCNH2,IVS13+1G>A,IVS13+1G>A,,unmatched,1198,15176425
KCNH2,IVS9-28A/G,IVS9-28A>G,,unmatched,1199,29020304
KCNH2,K101E,K101E,K101E,normalized,1200,15670565
KCNH2,K525N,K525N,K525N,normalized,1201,16922724
KCNH2,K638Del,K638del,K638Del,normalized,1202,10973849
KCNH2,K638Del,K638del,K638Del,normalized,1203,26831020
KCNH2,K638Del,K638del,K638Del,normalized,1204,26823142
KCNH2,K638E,K638E,K638E,normalized,1205,10973849
KCNH2,K638E,K638E,K638E,normalized,1206,22378279
KCNH2,K886fsX,K886fsX,K886fsX,normalized,1207,10973849
KCNH2,K897fsX,K897fsX,K897fsX,normalized,1208,26823142
KCNH2,K897T,K897T,K897T,normalized,1209,14661677
KCNH2,K897T,K897T,K897T,normalized,1210,14661677
KCNH2,K897T,K897T,K897T,normalized,1211,14661677
KCNH2,K897T,K897T,K897T,normalized,1212,14661677
KCNH2,K897T,K897T,K897T,normalized,1213,20636320
KCNH2,K897T,K897T,K897T,normalized,1214,22407026
KCNH2,K897T,K897T,K897T,normalized,1215,22338672
KCNH2,K897T,K897T,K897T,normalized,1216,27871843
KCNH2,K897T,K897T,K897T,normalized,1217,29121719
KCNH2,K897T,K897T,K897T,normalized,1218,29214556
KCNH2,K897T,K897T,K897T,normalized,1219,10862095
KCNH2,L1023Del,L1023del,L1023Del,normalized,1220,14661677
KCNH2,L1045F,L1045F,L1045F,normalized,1221,22402334
KCNH2,L1056fsX,L1056fsX,L1056fsX,normalized,1222,15840476
KCNH2,L109fsX,L109fsX,L109fsX,normalized,1223,29650123
KCNH2,L109P,L109P,L109P,normalized,1224,24606995
KCNH2,L171Ins,L171ins,L171Ins,normalized,1225,17905336
KCNH2,L234Del,L234del,L234Del,normalized,1226,19668779
KCNH2,L296fsX,L296fsX,L296fsX,normalized,1227,14508592
KCNH2,L413P,L413P,L413P,normalized,1228,12442276
KCNH2,L413P,L413P,L413P,normalized,1229,26496715
KCNH2,L457P,L457P,L457P,normalized,1230,26496715
KCNH2,L552S,L552S,L552S,normalized,1231,10841244
KCNH2,L552S,L552S,L552S,normalized,1232,10973849
KCNH2,L552S,L552S,L552S,normalized,1233,15840476
KCNH2,L552S,L552S,L552S,normalized,1234,19160088
KCNH2,L559H,L559H,L559H,normalized,1235,12442276
KCNH2,L559H,L559H,L559H,normalized,1236,26496715
KCNH2,L586M,L586M,L586M,normalized,1237,22402334
KCNH2,L615V,L615V,L615V,normalized,1238,10973849
KCNH2,L622F,L622F,L622F,normalized,1239,15840476
KCNH2,L69P,L69P,L69P,normalized,1240,32253972
KCNH2,L776P,L776P,L776P,normalized,1241,30036649
KCNH2,L779P,L779P,L779P,normalized,1242,29650123
KCNH2,L799sp,L799SP,L799sp,normalized,1243,10973849
KCNH2,L799sp,L799SP,L799sp,normalized,1244,15840476
KCNH2,L799sp,L799SP,L799sp,normalized,1245,15840476
KCNH2,L86R,L86R,L86R,normalized,1246,10973849
KCNH2,L87P,L87P,L87P,normalized,1247,12402336
KCNH2,L908fsX,L908fsX,L908fsX,normalized,1248,26823142
KCNH2,L955V,L955V,L955V,normalized,1249,18675227
KCNH2,L987fsX,L987fsX,L987fsX,normalized,1250,29650123
KCNH2,M124R,M124R,M124R,normalized,1251,16029385
KCNH2,M124T,M124T,M124T,normalized,1252,15043509
KCNH2,M579fsX,M579fsX,M579fsX,normalized,1253,23546179
KCNH2,M645I,M645I,M645I,normalized,1254,26076856
KCNH2,M645L,M645L,M645L,normalized,1255,10973849
KCNH2,M645R,M645R,M645R,normalized,1256,22407026
KCNH2,M645R,M645R,M645R,normalized,1257,29121719
KCNH2,M645V,M645V,M645V,normalized,1258,14998624
KCNH2,N257H,N257H,N257H,normalized,1259,14661677
KCNH2,N33T,N33T,N33T,normalized,1260,10973849
KCNH2,N33T,N33T,N33T,normalized,1261,14661677
KCNH2,N470D,N470D,N470D,normalized,1262,7889573
KCNH2,N588D,N588D,N588D,normalized,1263,9693036
KCNH2,N588D,N588D,N588D,normalized,1264,15840476
KCNH2,N588K,N588K,N588K,normalized,1265,25335996
KCNH2,N588K,N588K,N588K,normalized,1266,29016797
KCNH2,N629D,N629D,N629D,normalized,1267,9544837
KCNH2,N629K,N629K,N629K,normalized,1268,10517660
KCNH2,N629S,N629S,N629S,normalized,1269,9544837
KCNH2,N629S,N629S,N629S,normalized,1270,18808722
KCNH2,N629S,N629S,N629S,normalized,1271,26496715
KCNH2,N629S,N629S,N629S,normalized,1272,29622001
KCNH2,N629T,N629T,N629T,normalized,1273,17905336
KCNH2,N633D,N633D,N633D,normalized,1274,16155735
KCNH2,N633S,N633S,N633S,normalized,1275,9544837
KCNH2,N633S,N633S,N633S,normalized,1276,15840476
KCNH2,N633S,N633S,N633S,normalized,1277,19996378
KCNH2,N633S,N633S,N633S,normalized,1278,26496715
KCNH2,N633S,N633S,N633S,normalized,1279,29650123
KCNH2,N633S,N633S,N633S,normalized,1280,
KCNH2,N633S,N633S,N633S,normalized,1281,
KCNH2,N635I,N635I,N635I,normalized,1282,15840476
KCNH2,N861I,N861I,N861I,normalized,1283,10973849
KCNH2,N985S,N985S,N985S,normalized,1284,16043162
KCNH2,N996I,N996I,N996I,normalized,1285,15840476
KCNH2,P1034fsX,P1034fsX,P1034fsX,normalized,1286,15840476
KCNH2,P1075L,P1075L,P1075L,normalized,1287,17905336
KCNH2,P1101fsX,P1101fsX,P1101fsX,normalized,1288,10973849
KCNH2,P1122fsX,P1122fsX,P1122fsX,normalized,1289,27871843
KCNH2,P1122fsX,P1122fsX,P1122fsX,normalized,1290,15572050
KCNH2,P114S,P114S,P114S,normalized,1291,16922724
KCNH2,P1157L,P1157L,P1157L,normalized,1292,23465283
KCNH2,P141fsX,P141fsX,P141fsX,normalized,1293,10973849
KCNH2,P151fsX,P151fsX,P151fsX,normalized,1294,15840476
KCNH2,P151fsX,P151fsX,P151fsX,normalized,1295,24015048
KCNH2,P151fsX,P151fsX,P151fsX,normalized,1296,10973849
KCNH2,P151fsX,P151fsX,P151fsX,normalized,1297,15840476
KCNH2,P151fsX,P151fsX,P151fsX,normalized,1298,
KCNH2,P151fsX,P151fsX,P151fsX,normalized,1299,16922724
KCNH2,P151fsX,P151fsX,P151fsX,normalized,1300,10862094
KCNH2,P241fsX,P241fsX,P241fsX,normalized,1301,10973849
KCNH2,P251A,P251A,P251A,normalized,1302,14661677
KCNH2,P297S,P297S,P297S,normalized,1303,22882672
KCNH2,P347S,P347S,P347S,normalized,1304,10973849
KCNH2,P347S,P347S,P347S,normalized,1305,12402336
KCNH2,P347S,P347S,P347S,normalized,1306,14661677
KCNH2,P347S,P347S,P347S,normalized,1307,17531263
KCNH2,P347S,P347S,P347S,normalized,1308,21410720
KCNH2,P347S,P347S,P347S,normalized,1309,22378279
KCNH2,P408A,P408A,,unmatched,1310,19322600
KCNH2,P451L,P451L,P451L,normalized,1311,10862094
KCNH2,P451L,P451L,P451L,normalized,1312,29622001
KCNH2,P596R,P596R,P596R,normalized,1313,15840476
KCNH2,P596S,P596S,P596S,normalized,1314,26496715
KCNH2,P632S,P632S,P632S,normalized,1315,10973849
KCNH2,P721L,P721L,P721L,normalized,1316,15840476
KCNH2,P72Q,P72Q,P72Q,normalized,1317,10973849
KCNH2,P72T,P72T,P72T,normalized,1318,26496715
KCNH2,P846S,P846S,P846S,normalized,1319,28532774
KCNH2,P846T,P846T,P846T,normalized,1320,20975234
KCNH2,P872fsX,P872fsX,P872fsX,normalized,1321,12402336
KCNH2,P872fsX,P872fsX,P872fsX,normalized,1322,15958262
KCNH2,P910fsX,P910fsX,P910fsX,normalized,1323,15840476
KCNH2,P910L,P910L,P910L,normalized,1324,14661677
KCNH2,P917L,P917L,P917L,normalized,1325,10973849
KCNH2,P917L,P917L,P917L,normalized,1326,14661677
KCNH2,P926S,P926S,P926S,normalized,1327,26496715
KCNH2,P967L,P967L,P967L,normalized,1328,14661677
KCNH2,P967L,P967L,P967L,normalized,1329,15913580
KCNH2,P967L,P967L,P967L,normalized,1330,29752375
KCNH2,P968fsX,P968fsX,P968fsX,normalized,1331,10973849
KCNH2,P968L,P968L,P968L,normalized,1332,21070882
KCNH2,P986fsX,P986fsX,P986fsX,normalized,1333,10973849
KCNH2,Q1046X,Q1046X,Q1046X,normalized,1334,21063070
KCNH2,Q1046X,Q1046X,Q1046X,normalized,1335,29650123
KCNH2,Q1068R,Q1068R,Q1068R,normalized,1336,14661677
KCNH2,Q1068R,Q1068R,Q1068R,normalized,1337,15913580
KCNH2,Q1068R,Q1068R,Q1068R,normalized,1338,29752375
KCNH2,Q1068X,Q1068X,Q1068X,normalized,1339,30582040
KCNH2,Q247X,Q247X,Q247X,normalized,1340,26496715
KCNH2,Q376sp,Q376SP,Q376sp,normalized,1341,10973849
KCNH2,Q376sp,Q376SP,Q376sp,normalized,1342,10973849
KCNH2,Q376sp,Q376SP,Q376sp,normalized,1343,15840476
KCNH2,Q738X,Q738X,Q738X,normalized,1344,19157587
KCNH2,Q81H,Q81H,Q81H,normalized,1345,20167303
KCNH2,Q81X,Q81X,Q81X,normalized,1346,10973849
KCNH2,Q901fsX,Q901fsX,Q901fsX,normalized,1347,15840476
KCNH2,R1005fsX,R1005fsX,R1005fsX,normalized,1348,15840476
KCNH2,R1005W,R1005W,R1005W,normalized,1349,29752375
KCNH2,R1007H,R1007H,R1007H,normalized,1350,22429796
KCNH2,R100G,R100G,R100G,normalized,1351,16922724
KCNH2,R100Q,R100Q,R100Q,normalized,1352,15840476
KCNH2,R1014X,R1014X,R1014X,normalized,1353,10973849
KCNH2,R1014X,R1014X,R1014X,normalized,1354,15840476
KCNH2,R1014X,R1014X,R1014X,normalized,1355,17576861
KCNH2,R1032fsX,R1032fsX,R1032fsX,normalized,1356,16922724
KCNH2,R1033fsX,R1033fsX,R1033fsX,normalized,1357,15840476
KCNH2,R1033fsX,R1033fsX,R1033fsX,normalized,1358,15840476
KCNH2,R1035fsX,R1035fsX,R1035fsX,normalized,1359,29650123
KCNH2,R1035fsX,R1035fsX,R1035fsX,normalized,1360,21063070
KCNH2,R1035W,R1035W,R1035W,normalized,1361,14661677
KCNH2,R1047L,R1047L,R1047L,normalized,1362,14661677
KCNH2,R1047L,R1047L,R1047L,normalized,1363,14661677
KCNH2,R1047L,R1047L,R1047L,normalized,1364,20167303
KCNH2,R1047L,R1047L,R1047L,normalized,1365,23571586
KCNH2,R1047L,R1047L,R1047L,normalized,1366,26412604
KCNH2,R1135H,R1135H,R1135H,normalized,1367,18692916
KCNH2,R1135H,R1135H,R1135H,normalized,1368,24400717
KCNH2,R1135H,R1135H,R1135H,normalized,1369,27871843
KCNH2,R148W,R148W,R148W,normalized,1370,21410720
KCNH2,R148W,R148W,R148W,normalized,1371,23465283
KCNH2,R148W,R148W,R148W,normalized,1372,29650123
KCNH2,R164C,R164C,R164C,normalized,1373,24400717
KCNH2,R164H,R164H,R164H,normalized,1374,22429796
KCNH2,R176W,R176W,R176W,normalized,1375,10862094
KCNH2,R176W,R176W,R176W,normalized,1376,14661677
KCNH2,R176W,R176W,R176W,normalized,1377,22067087
KCNH2,R176W,R176W,R176W,normalized,1378,22052944
KCNH2,R176W,R176W,R176W,normalized,1379,29650123
KCNH2,R176W,R176W,R176W,normalized,1380,22429796
KCNH2,R176W,R176W,R176W,normalized,1381,26063740
KCNH2,R181fsX,R181fsX,R181fsX,normalized,1382,15840476
KCNH2,R181Q,R181Q,R181Q,normalized,1383,14661677
KCNH2,R181Q,R181Q,R181Q,normalized,1384,15913580
KCNH2,R181Q,R181Q,R181Q,normalized,1385,29752375
KCNH2,R25W,R25W,,unmatched,1386,25626866
KCNH2,R273Q,R273Q,R273Q,normalized,1387,17210839
KCNH2,R273X,R273X,R273X,normalized,1388,15176425
KCNH2,R312C,R312C,R312C,normalized,1389,10973849
KCNH2,R312C,R312C,R312C,normalized,1390,30246897
KCNH2,R326fsX,R326fsX,R326fsX,normalized,1391,15840476
KCNH2,R328C,R328C,R328C ,normalized,1392,16253915
KCNH2,R328C,R328C,R328C ,normalized,1393,15840476
KCNH2,R328C,R328C,R328C ,normalized,1394,16922724
KCNH2,R328C,R328C,R328C ,normalized,1395,24217263
KCNH2,R328C,R328C,R328C ,normalized,1396,29650123
KCNH2,R328fsX,R328fsX,R328fsX,normalized,1397,17905336
KCNH2,R366X,R366X,R366X,normalized,1398,15840476
KCNH2,R366X,R366X,R366X,normalized,1399,18808722
KCNH2,R366X,R366X,R366X,normalized,1400,26496715
KCNH2,R366X,R366X,R366X,normalized,1401,29020304
KCNH2,R528P,R528P,R528P,normalized,1402,16922724
KCNH2,R531Del,R531del,R531Del,normalized,1403,24606995
KCNH2,R531Q,R531Q,R531Q,normalized,1404,10973849
KCNH2,R531W,R531W,R531W,normalized,1405,28532774
KCNH2,R534C,R534C,R534C,normalized,1406,10987356
KCNH2,R534C,R534C,R534C,normalized,1407,12808265
KCNH2,R534C,R534C,R534C,normalized,1408,15840476
KCNH2,R534C,R534C,R534C,normalized,1409,17905336
KCNH2,R534C,R534C,R534C,normalized,1410,26496715
KCNH2,R534C,R534C,R534C,normalized,1411,29650123
KCNH2,R537W,R537W,R537W,normalized,1412,19184172
KCNH2,R56Q,R56Q,R56Q,normalized,1413,10973849
KCNH2,R582C,R582C,R582C,normalized,1414,15840476
KCNH2,R582C,R582C,R582C,normalized,1415,
KCNH2,R694H,R694H,R694H,normalized,1416,23207121
KCNH2,R696C,R696C,R696C,normalized,1417,16922724
KCNH2,R696C,R696C,R696C,normalized,1418,30036649
KCNH2,R73fsX,R73fsX,R73fsX,normalized,1419,10973849
KCNH2,R73fsX,R73fsX,R73fsX,normalized,1420,15840476
KCNH2,R744P,R744P,R744P,normalized,1421,22314138
KCNH2,R744Q,R744Q,R744Q,normalized,1422,26746457
KCNH2,R744X,R744X,R744X,normalized,1423,11802537
KCNH2,R744X,R744X,R744X,normalized,1424,29650123
KCNH2,R752P,R752P,R752P,normalized,1425,26271031
KCNH2,R752Q,R752Q,R752Q,normalized,1426,12621127
KCNH2,R752W,R752W,R752W,normalized,1427,11009462
KCNH2,R752W,R752W,R752W,normalized,1428,10973849
KCNH2,R784W,R784W,R784W,normalized,1429,11997281
KCNH2,R784W,R784W,R784W,normalized,1430,15840476
KCNH2,R791W,R791W,R791W,normalized,1431,29752375
KCNH2,A797T,A797T,A797T,normalized,1432,26496715
KCNH2,R823fsX,R823fsX,R823fsX,normalized,1433,12402336
KCNH2,R823T,R823T,R823T,normalized,1434,27871843
KCNH2,R823W,R823W,R823W,normalized,1435,10973849
KCNH2,R823W,R823W,R823W,normalized,1436,26496715
KCNH2,R823W,R823W,R823W,normalized,1437,27871843
KCNH2,R835Q,R835Q,R835Q,normalized,1438,25140878
KCNH2,R863X,R863X,R863X,normalized,1439,14714110
KCNH2,R863X,R863X,R863X,normalized,1440,15840476
KCNH2,R863X,R863X,R863X,normalized,1441,22515331
KCNH2,R863X,R863X,R863X,normalized,1442,26496715
KCNH2,R883W,R883W,R883W,normalized,1443,26746457
KCNH2,R885C,R885C,R885C,normalized,1444,17210839
KCNH2,R885C,R885C,R885C,normalized,1445,22378279
KCNH2,R885C,R885C,R885C,normalized,1446,23465283
KCNH2,R887H,R887H,R887H,normalized,1447,15840476
KCNH2,R887H,R887H,R887H,normalized,1448,22378279
KCNH2,R892fsX,R892fsX,R892fsX,normalized,1449,29650123
KCNH2,R894C,R894C,R894C,normalized,1450,28532774
KCNH2,R912W,R912W,R912W,normalized,1451,26496715
KCNH2,R920fsX,R920fsX,R920fsX,normalized,1452,15840476
KCNH2,R920fsX,R920fsX,R920fsX,normalized,1453,10973849
KCNH2,R922fsX,R922fsX,R922fsX,normalized,1454,15840476
KCNH2,R922W,R922W,R922W,normalized,1455,10973849
KCNH2,R92C,R92C,R92C,normalized,1456,29121719
KCNH2,R948C,R948C,R948C,normalized,1457,16922724
KCNH2,R954C,R954C,R954C,normalized,1458,18675227
KCNH2,S1021fsX,S1021fsX,S1021fsX,normalized,1459,27871843
KCNH2,S1040G,S1040G,S1040G,normalized,1460,17210839
KCNH2,S1057fsX,S1057fsX,S1057fsX,normalized,1461,15840476
KCNH2,S182X,S182X,S182X,normalized,1462,15840476
KCNH2,S24fsX,S24fsX,,unmatched,1463,19996378
KCNH2,S26I,S26I,S26I,normalized,1464,15840476
KCNH2,S320L,S320L,S320L,normalized,1465,15840476
KCNH2,S320X,S320X,S320X,normalized,1466,16922724
KCNH2,S428X,S428X,S428X,normalized,1467,29020304
KCNH2,S543fsX,S543fsX,S543fsX,normalized,1468,10862094
KCNH2,S55L,S55L,S55L,normalized,1469,15840476
KCNH2,S606F,S606F,S606F,normalized,1470,22104571
KCNH2,S620G,S620G,S620G,normalized,1471,26066609
KCNH2,S620I,S620I,S620I,normalized,1472,26496715
KCNH2,S621N,S621N,S621N,normalized,1473,14998624
KCNH2,S621R,S621R,S621R,normalized,1474,20167303
KCNH2,S624R,S624R,S624R,normalized,1475,29766883
KCNH2,S631A,S631A,S631A,normalized,1476,29016797
KCNH2,S641F,S641F,S641F,normalized,1477,15840476
KCNH2,S660L,S660L,S660L,normalized,1478,29650123
KCNH2,S706C,S706C,S706C,normalized,1479,15028050
KCNH2,S735L,S735L,S735L,normalized,1480,16379539
KCNH2,S818L,S818L,S818L,normalized,1481,10086971
KCNH2,S818L,S818L,S818L,normalized,1482,26496715
KCNH2,S818P,S818P,S818P,normalized,1483,29650123
KCNH2,S818W,S818W,S818W,normalized,1484,26496715
KCNH2,S818W,S818W,S818W,normalized,1485,30036649
KCNH2,S871fsX,S871fsX,S871fsX,normalized,1486,26823142
KCNH2,T152fsX,T152fsX,T152fsX,normalized,1487,28049825
KCNH2,T152I,T152I,T152I,normalized,1488,24400717
KCNH2,T353S,T353S,T353S,normalized,1489,29396286
KCNH2,T367S,T367S,T367S,normalized,1490,14661677
KCNH2,T421fsX,T421fsX,T421fsX,normalized,1491,7889573
KCNH2,T421M,T421M,T421M,normalized,1492,15840476
KCNH2,T436M,T436M,T436M,normalized,1493,26129877
KCNH2,T473P,T473P,T473P,normalized,1494,23010577
KCNH2,T613A,T613A,T613A,normalized,1495,26173150
KCNH2,T613K,T613K,T613K,normalized,1496,24218437
KCNH2,T613M,T613M,T613M,normalized,1497,10862094
KCNH2,T613M,T613M,T613M,normalized,1498,10973849
KCNH2,T613M,T613M,T613M,normalized,1499,14720170
KCNH2,T613M,T613M,T613M,normalized,1500,14998624
KCNH2,T613M,T613M,T613M,normalized,1501,15090700
KCNH2,T613M,T613M,T613M,normalized,1502,15840476
KCNH2,T613M,T613M,T613M,normalized,1503,16922724
KCNH2,T613M,T613M,T613M,normalized,1504,19996378
KCNH2,T613M,T613M,T613M,normalized,1505,22402334
KCNH2,T613M,T613M,T613M,normalized,1506,24973560
KCNH2,T613M,T613M,T613M,normalized,1507,26496715
KCNH2,T613M,T613M,T613M,normalized,1508,29766883
KCNH2,T613M,T613M,T613M,normalized,1509,29622001
KCNH2,T613M,T613M,T613M,normalized,1510,30036649
KCNH2,T613M,T613M,T613M,normalized,1511,
KCNH2,T618I,T618I,T618I,normalized,1512,21130771
KCNH2,T618I,T618I,T618I,normalized,1513,30582453
KCNH2,T618I,T618I,T618I,normalized,1514,25974115
KCNH2,T623I,T623I,T623I,normalized,1515,15840476
KCNH2,T623I,T623I,T623I,normalized,1516,29766883
KCNH2,T634P,T634P,T634P,normalized,1517,26496715
KCNH2,T65P,T65P,T65P,normalized,1518,12354768
KCNH2,T65P,T65P,T65P,normalized,1519,15840476
KCNH2,T65P,T65P,T65P,normalized,1520,16922724
KCNH2,T65P,T65P,T65P,normalized,1521,29766883
KCNH2,T826I,T826I,T826I,normalized,1522,29146210
KCNH2,T895M,T895M,T895M,normalized,1523,18596570
KCNH2,T895M,T895M,T895M,normalized,1524,26129877
KCNH2,T983I,T983I,T983I,normalized,1525,15840476
KCNH2,T983I,T983I,T983I,normalized,1526,22378279
KCNH2,V1038fsX,V1038fsX,V1038fsX,normalized,1527,15840476
KCNH2,V131fsX,V131fsX,V131fsX,normalized,1528,15840476
KCNH2,V215G,V215G,V215G,normalized,1529,14661677
KCNH2,V279M,V279M,V279M,normalized,1530,17210839
KCNH2,V295fsX,V295fsX,V295fsX,normalized,1531,10973849
KCNH2,V491I,V491I,V491I,normalized,1532,26066609
KCNH2,V535M,V535M,V535M,normalized,1533,22173492
KCNH2,V612L,V612L,V612L,normalized,1534,9544837
KCNH2,V625E,V625E,V625E,normalized,1535,19127321
KCNH2,V630A,V630A,V630A,normalized,1536,9693036
KCNH2,V630A,V630A,V630A,normalized,1537,15840476
KCNH2,V630T,V630T,V630T,normalized,1538,27871843
KCNH2,V716G,V716G,V716G,normalized,1539,28532774
KCNH2,V822L,V822L,V822L,normalized,1540,30244407
KCNH2,V822M,V822M,V822M,normalized,1541,8914737
KCNH2,V822M,V822M,V822M,normalized,1542,10086971
KCNH2,V822M,V822M,V822M,normalized,1543,15840476
KCNH2,W1001X,W1001X,W1001X,normalized,1544,24218437
KCNH2,W154X,W154X,W154X,normalized,1545,26496715
KCNH2,W412X,W412X,W412X,normalized,1546,29650123
KCNH2,W497X,W497X,W497X,normalized,1547,15176425
KCNH2,W497X,W497X,W497X,normalized,1548,26063740
KCNH2,W563C,W563C,W563C,normalized,1549,29766883
KCNH2,W563G,W563G,W563G,normalized,1550,19306396
KCNH2,W568C,W568C,W568C,normalized,1551,17905336
KCNH2,W585C,W585C,W585C,normalized,1552,10973849
KCNH2,W705X,W705X,W705X,normalized,1553,16922724
KCNH2,W927G,W927G,W927G,normalized,1554,24400717
KCNH2,Y420C,Y420C,Y420C,normalized,1555,15840476
KCNH2,Y427H,Y427H,Y427H,normalized,1556,16922724
KCNH2,Y427S,Y427S,Y427S,normalized,1557,15840476
KCNH2,Y43C,Y43C,Y43C,normalized,1558,29650123
KCNH2,Y447X,Y447X,Y447X,normalized,1559,12402336
KCNH2,Y475C,Y475C,Y475C,normalized,1560,26496715
KCNH2,Y475Del,Y475del,Y475Del,normalized,1561,15840476
KCNH2,Y493C,Y493C,Y493C,normalized,1562,14998624
KCNH2,Y493F,Y493F,Y493F,normalized,1563,19668779
KCNH2,Y569C,Y569C,Y569C,normalized,1564,23098067
KCNH2,Y569H,Y569H,Y569H,normalized,1565,10862094
KCNH2,Y569H,Y569H,Y569H,normalized,1566,29622001
KCNH2,Y652X,Y652X,Y652X,normalized,1567,19034806
KCNH2,Y667X,Y667X,Y667X,normalized,1568,10790218
KCNH2,Y99S,Y99S,Y99S,normalized,1569,12402336
KCNH2,G53R,G53R,G53R,normalized,1570,
KCNH2,A614V,A614V,A614V,normalized,1571,
